1;-1354980006;2146189479;2146189314;2146189314;
2;-362773667;-509124961;;;
3;1447;1429891015;1231232923;1290764579;
4;1512;2146189591;2146189770;2146189781;
5;1578;;-707996126;1174489966;
6;2347;2146189417;2146189030;1831959862;
7;2541;1127805523;1319632834;2146189152;
8;2548;2146189576;2146189572;2146189770;2146189091
9;2604;;;2146189314;
10;243437724;2146189636;;;
11;674040117;2146189228;2146189588;;
12;1100016670;2146189417;;;
13;1119448530;1231232923;2146189576;;
14;1125316835;1823686857;;;
15;1127891338;1003999342;;;
16;1138806721;1272349759;1823686857;1231232923;
17;1194356555;1318928318;2146189064;1300885603;
18;1270805862;2146189156;2146189284;;
19;1306135154;2146189064;2146188959;2146189358;
20;1884143596;2072341970;;;
21;2000044555;2146189771;2146189733;2146189358;
22;2080662280;2146189436;;;
23;2146189066;;2146189068;;
24;2146189111;2146189482;2146189436;;
25;2146189159;2146189824;2146189714;-509124961;
26;2146189167;2146189163;;;
27;2146189224;1229346852;;;
28;2146189295;1176728538;2146189402;2146189568;
29;2146189330;2146189770;2146189714;2146189563;
30;2146189333;2146189526;2146189281;2146189436;
31;2146189362;1175668750;;;
32;2146189370;2146189714;2146189591;2146189228;
33;2146189420;2146189824;2146189525;2146189537;
34;2146189450;2146189325;2146189281;2146189436;
35;2146189463;2146189714;2146189417;2146189591;
36;2146189466;2146189636;2146189417;;
37;2146189476;2146189264;;;
38;2146189477;;;;
39;2146189478;2146189576;2146189537;2146189417;
40;2146189494;2146189527;1319632834;;
41;2146189504;2146189821;2146189824;2146189525;
42;2146189539;2146189561;2146189824;2146189526;
43;2146189577;2146189525;;;
44;2146189582;2146189821;;;2146189527
45;2146189599;2146189563;;;
46;2146189623;2146189417;2146189190;;
47;2146189639;2146189714;;;
48;2146189640;;;;
49;2146189642;2146189636;2146189824;;
50;2146189643;2146189636;2146189824;;
51;2146189655;2146189190;2146189714;;
52;2146189684;2146189190;;;
53;2146189691;2146189228;2146189537;2146189563;
54;2146189708;2146189190;2146189636;;
55;2146189712;2146189725;2146189903;2146189878;
56;2146189714;2146189714;;;
57;2146189722;2146189636;2146189824;;
58;2146189741;2146189077;2146189525;2146189607;
59;2146189743;2146189824;;;
60;2146189746;2146189190;2146189607;;
61;2146189750;2146189561;;;
62;2146189788;2146189821;;;
63;2146189810;2146189572;1001521379;;
64;2146189819;2146189821;;;
65;2146189843;2146189572;;;
66;2146189852;2146189887;2146189878;2146189903;
67;2146189874;2146189790;2146189588;2146189228;
68;2146189888;2146189878;;;
69;2146189890;2146189588;2146189228;;
70;2146189914;2146189824;2146189636;;
71;2146189929;2146189228;;;
72;2146189936;2146189824;;;
73;2146189939;2146189903;;;
74;2146189948;;;;
75;2146189979;2146189878;2146189887;;
