Page,Code,Texte français,Traduction allemand,
page,code,Activités,Aktivitäten
Accueil/accueil.php,,Administration,Verwaltung,
Accueil/accueil.php,,Bonjour et Bienvenue,Guten Tag und Willkommen,
Accueil/accueil.php,,Contacts,Ansprechpartner,
Accueil/accueil.php,,déconnexion,Abmeldung,
Accueil/accueil.php,,Liberty,Freiheit,
Accueil/accueil.php,,Releve,Bemerkung,
Accueil/accueil.php,,Temps de Travail,Arbeitszeit,
Accueil/accueil.php,,Traductions,Übersetzungen,
Activite/activite.php,,Listes des activités année,Listen der Aktivitäten für das Jahr,
Activite/activite.php,,Nouvelle activité,Neue Aktivität,
Activite/ajoutActivite.php,,Ajout Participant,Teilnehmer hinzufügen,
Activite/feuilleRoute.php,,Départ,Abreise,
Activite/feuilleRoute.php,,Modifier l'aller,Änderung der Hinreise,
Activite/feuilleRoute.php,,Modifier le retour,Änderung der Rückreise,
Activite/modifActivite.php,,Allemand,Deutsch,
Activite/modifActivite.php,,Autres,Andere,
Activite/modifActivite.php,,Camp,Lager,
Activite/modifActivite.php,,Code Ofas,BSV Code  ,
Activite/modifActivite.php,,Critères d'attribution,Merkmale,
Activite/modifActivite.php,,Date de début,Startdatum,
Activite/modifActivite.php,,Formation continue,Fortbildung,
Activite/modifActivite.php,,Français,Französisch,
Activite/modifActivite.php,,Langue,Sprache,
Activite/modifActivite.php,,Loisirs et sport,Freizeit und Sport,
Activite/modifActivite.php,,Modification activité,Änderung der Aktivität,
Activite/modifActivite.php,,Modification participants,Änderung der Teilnehmer,
Activite/modifActivite.php,,Modifier la photo,Foto bearbeiten,
Activite/modifActivite.php,,Nom de l'activité,Name der Aktivität,
Activite/modifActivite.php,,Photo,Foto,
Activite/modifActivite.php,,Réadaptation,Rehabilitation,
Activite/modifActivite.php,,Supprimer l'activité,Löschen der Aktivität,
Activite/modifActivite.php,,Type d'activité,Art der Aktivität,
Activite/modifActivite.php,,Type de cours,Art des Kurses,
Activite/modifActivite.php,,Week-end,Wochenende,
Activite/modifParticipant.php,,Accompagnants,Begleitpersonen,
Activite/modifParticipant.php,,Infos générales de l'activité,Allgemeine Informationen zur Aktivität,
Activite/modifParticipant.php,,Liste des participants,Liste der Teilnehmer,
Activite/modifParticipant.php,,Modifier les détails de l'activité,Aktivitätsdetails ändern,
Activite/modifParticipant.php,,Participants,Teilnehmer,
Activite/modifParticipant.php,,Retour à l'activité,Zurück zur Aktivität,
Activite/participants.php,,Description de l'activité,Beschreibung der Aktivität,
Activite/participants.php,,Doublure(s),Zweite Besetzung,?
Activite/participants.php,,Feuille de route,Fahrplan,
Activite/participants.php,,Fiche de l'activité,Aktivitäts-Blatt,
Activite/participants.php,,Liste adressage participants,Teilnehmer-Mailingliste,
Activite/participants.php,,Mars,März,
Activite/participants.php,,Modifier l'activité,Aktivität ändern,
Activite/participants.php,,Modifier la liste des participants,Teilnehmerliste bearbeiten,
Activite/participants.php,,Participant,Teilnehmer,
Activite/participants.php,,Retour aux activités,Zurück zu Aktivitäten,
Activite/participants.php,,Thème,Thema,
Activite/print.php,,Aller,Gehe zu,
Activite/print.php,,"Amicalement,","Freundlich,",
Activite/print.php,,Chauffeur,Fahrer,
Activite/print.php,,Doublure(s),Zweite Besetzung,?
Activite/print.php,,du,von,
Activite/print.php,,Rendez-vous,Termin,
Activite/print.php,,"Sion, le","Sitten, den",
Administration/administration.php,,Autorisations,Berechtigungen,
Administration/administration.php,,Dossiers,Dossiers,
Administration/administration.php,,Liste des marqueurs,Liste der Markierungen,
Administration/administration.php,,Pages Autor,Autor-Seiten,
Administration/administration.php,,Pages Autorisation,Autorisierungs-Seiten,
Administration/administration.php,,Utilisateurs,Benutzer,
Administration/ajoutUtilisateur.php,,Admin,Verwaltung,
Administration/ajoutUtilisateur.php,,Aide de bureau,Desktop-Hilfe,
Administration/ajoutUtilisateur.php,,Animateur/Animatrice,Animator,?
Administration/ajoutUtilisateur.php,,Concierge,Hauswart,
Administration/ajoutUtilisateur.php,,Confirmation du Mot de passe,Passwort-Bestätigung,
Administration/ajoutUtilisateur.php,,GEI,GEI,
Administration/ajoutUtilisateur.php,,Haut-Valais,Oberwallis,
Administration/ajoutUtilisateur.php,,Infirmière,Pflegefachperson,
Administration/ajoutUtilisateur.php,,les champs avec une * sont obligatoires,Felder mit einem * sind Pflichtfelder.,
Administration/ajoutUtilisateur.php,,Les mots de passe sont différents,Die Passwörter sind unterschiedlich,
Administration/ajoutUtilisateur.php,,Mot de passe,Passwort,
Administration/ajoutUtilisateur.php,,secrétaire,Sekretärin,
Administration/ajoutUtilisateur.php,,Secrétaire comptable,Sekretärin Buchhalterin,
Administration/ajoutUtilisateur.php,,Stagiaire,Praktikant,
Administration/autorisation.php,,Liste des Autorisations,Berechtigungsliste,
Administration/autorisation.php,,Nom Autor,Name Autor,
Administration/autorisation.php,,Nom Autorisation,Name Autorisierung,
Administration/charges.php,,Code,Code,
Administration/charges.php,,Liste des centres de charges,Liste der Lastzentren,?
Administration/detUtilisateur.php,,Coordonnées de l'utilisateur,Kontaktdaten des Benutzers,
Administration/detUtilisateur.php,,Direction,Wegbeschreibung,
Administration/detUtilisateur.php,,Éducateur / Éducatrice,Pädagoge,
Administration/detUtilisateur.php,,Fonction,Funktion,
Administration/detUtilisateur.php,,Modifier l'utilisateur,Benutzer wechseln,
Administration/detUtilisateur.php,,Retour à la liste des utilisateurs,Zurück zur Liste der Benutzer,
Administration/detUtilisateur.php,,Supprimer l'utilisateur,Benutzer löschen,
Administration/detUtilisateur.php,,Taux d'activité,Teilnahme-Quote,
Administration/dossier.php,,-,-,
Administration/dossier.php,,3000 Exploitation de l'association,3000 Funktionsweise der Vereinigung,
Administration/dossier.php,,3112 Week-End,3112 Wochenende,
Administration/dossier.php,,3122 Cours,3122 Kurse,
Administration/dossier.php,,3202 Service de relève,3202 Betreuungsdienst,
Administration/dossier.php,,3305 Bâtiment,3305 Gebäude,
Administration/dossier.php,,3312 Traiteur,3312 Verpflegung,
Administration/dossier.php,,3321 Bus,3321 Bus,
Administration/dossier.php,,ACCUEIL,STARTSEITE,
Administration/dossier.php,,Accueil groupes ou renseignements,Gruppen oder Informationen,
Administration/dossier.php,,Activité pour la faitière,Aktivität für den Kamm,?
Administration/dossier.php,,AG,AG,
Administration/dossier.php,,Ajouter un dossier,Einen Ordner hinzufügen,
Administration/dossier.php,,Assemblée générale,Generalversammlung,
Administration/dossier.php,,attention aux doublons,Vorsicht vor Doppelspurigkeit,
Administration/dossier.php,,BUREAU,BÜRO,
Administration/dossier.php,,BUS,BUS,
Administration/dossier.php,,Centre de charges,Lastzentrum,?
Administration/dossier.php,,Centre documentation,Dokumentationszentrum,
Administration/dossier.php,,Code compta,Konto-Code,
Administration/dossier.php,,COLLOQUE,KOLLOQUIUM,
Administration/dossier.php,,Colloques et réunions,Symposien und Tagungen,
Administration/dossier.php,,COMPTA,BERECHNUNG,
Administration/dossier.php,,CONNAITRE,WISSEN,
Administration/dossier.php,,CONTASIS,KONTAKT,
Administration/dossier.php,,COTISAT,COTISAT,
Administration/dossier.php,,Cotisations,Beiträge,
Administration/dossier.php,,Description,Beschreibung,
Administration/dossier.php,,DOCUM,DOKUMENT,
Administration/dossier.php,,Elaboration et éditio pgm,Ausarbeitung und editio pgm,
Administration/dossier.php,,Etat VS - Action sociale,Staat VS - Dienststelle für Sozialwesen,
Administration/dossier.php,,Etat VS - Dpt enseignement spécialisé,Staat VS - Amt für Sonderschulwesen,
Administration/dossier.php,,Etat VS - Service de la Jeunesse,Staat VS - Dienststelle für die Jugend,
Administration/dossier.php,,Etat VS - Services relève familles subventionnées,Staat VS - Entlastungsdienst für subventionierte Familien,?
Administration/dossier.php,,Etat VS - Unité accueil temporaire,Staat VS - Temporäre Aufnahmeeinheit,?
Administration/dossier.php,,FAITIERE,FAITIERE,?
Administration/dossier.php,,Fondation Cerebral,Stiftung Cerebral,
Administration/dossier.php,,Fondation Denk an Mich,Stiftung Denk an mich,
Administration/dossier.php,,FONDCEREB,FONDCEREB,
Administration/dossier.php,,FONDDAM,FONDDAM,
Administration/dossier.php,,FORHANDI,FORHANDI,
Administration/dossier.php,,Formation employés,Ausbildung der Mitarbeiter,
Administration/dossier.php,,Forum handicap,Behinderten-Forum,
Administration/dossier.php,,Gestion des bus,Busverwaltung,
Administration/dossier.php,,Gestion des pavillons,Verwaltung des Pavillons,
Administration/dossier.php,,"Gestion traiteur, repas",Verpflegung,
Administration/dossier.php,,Groupe parents,Übergeordnete Gruppe,
Administration/dossier.php,,GRPPARE,GRPPARE,
Administration/dossier.php,,INFODEMA,INFODEMA,
Administration/dossier.php,,Informations aux divers demandeurs,Informationen für verschiedene Antragsteller,
Administration/dossier.php,,INTENDANCE CEREBRAL,BRAIN STEWARDSHIP,
Administration/dossier.php,,INTENDANCE GROUPES,GRUPPEN-STEWARDSHIP,
Administration/dossier.php,,JOURFAM,JOURFAM,
Administration/dossier.php,,Journal Connaître,Zeitschrift Connaître,
Administration/dossier.php,,Journée des familles,Familientag,
Administration/dossier.php,,Liste des Dossiers,Datei-Liste,
Administration/dossier.php,,Loterie Romande,Lotterie Romande,
Administration/dossier.php,,LOTO,LOTO,
Administration/dossier.php,,Lotos,Lotos,
Administration/dossier.php,,LOTRO,LOTRO,
Administration/dossier.php,,Mandat pour Procap,Mandat für Procap,
Administration/dossier.php,,MANIF,MANIF,
Administration/dossier.php,,"Manifestation, évènements","Demonstration, Veranstaltungen",
Administration/dossier.php,,MDA,MDA,
Administration/dossier.php,,"Nettoyage, entretien et conciergerie","Reinigung, Instandhaltung und Hausmeisterdienste",
Administration/dossier.php,,PAVIBURE,PAVIBURE,
Administration/dossier.php,,PAVILLONS,PAVILLONS,
Administration/dossier.php,,Permanace et entreriens téléphoniques,Daueraufenthalt und Telefonnummern,?
Administration/dossier.php,,PERMTEL,PERMTEL,
Administration/dossier.php,,PROCAP,PROCAP,
Administration/dossier.php,,PROGRAM,PROGRAMM,
Administration/dossier.php,,RECFORAC,RECFORAC,
Administration/dossier.php,,Recrutement-Formation accompagnants,Rekrutierung und Ausbildung von Begleitpersonen,
Administration/dossier.php,,RELASSO,RELASSO,
Administration/dossier.php,,Relations avec autres association,Beziehungen zu anderen Vereinigungen,
Administration/dossier.php,,Relations avec Institutions,Beziehungen zu Institutionen,
Administration/dossier.php,,RELINST,RELINST,
Administration/dossier.php,,Service relève - Familles non subventionnée,Betreuungsdienst - Nicht subventionierte Familien,
Administration/dossier.php,,SERVRELE,SERVRELE,
Administration/dossier.php,,Site web,Website,
Administration/dossier.php,,SITEWEB,WEBSITE,
Administration/dossier.php,,Soutiens parents,Elterliche Unterstützung,
Administration/dossier.php,,SOUTPAR,SOUTPAR,
Administration/dossier.php,,Suivi comptable,Buchhaltungs-Follow-up,
Administration/dossier.php,,"Suivi contruction pavillon, bureaux",Weiterverfolgung des Baus des Pavillons und der Büros,
Administration/dossier.php,,Suivi MDA,MDA-Verfolgung,
Administration/dossier.php,,SUIVIEMP,FOLLOW-UP,
Administration/dossier.php,,TRAITEUR CEREBRAL,BRAIN CATERING,?
Administration/dossier.php,,TRAITEUR GROUPES,GRUPPENBESTIMMUNG,?
Administration/dossier.php,,Travaux de bureau,Büroarbeit,
Administration/dossier.php,,VSAS,VSAS,
Administration/dossier.php,,VSDES,VSDES,
Administration/dossier.php,,VSSJ,VSSJ,
Administration/dossier.php,,VSSRD,VSSRD,
Administration/dossier.php,,VSUAT,VSUAT,
Administration/dossier.php,,WEEKENDS,WOCHENENDE,
Administration/marqueur.php,,Employés,Mitarbeiter,
Administration/marqueur.php,,Liste des marqueurs utilisés,Liste der verwendeten Marker,
Administration/marqueur.php,,Marqueurs,Markierungen,
Administration/modifUtilisateur.php,,Contact associé,Zugehöriger Kontakt,
Administration/modifUtilisateur.php,,Les mots des passe sont différents,Die Passwörter sind unterschiedlich,
Administration/supUtilisateur.php,,Veuillez confirmer la suppression de l'utilisateur,Bitte bestätigen Sie die Löschung des Benutzers,
Administration/tradExport.php,,Changer,ändern,
Administration/tradExport.php,,Tout,Alle,
Administration/tradExport.php,,Traduction manquantes,Fehlende Übersetzungen,
Administration/tradImport.php,,Selectionner fichier Excel,Excel-Datei auswählen,
Administration/traductions.php,,Export,Exportieren,
Administration/traductions.php,,Gestion des Traductions,Übersetzung,
Administration/traductions.php,,Import,importieren,
Administration/traductions.php,,Nombre de mots dans chaque langue,Anzahl der Wörter in jeder Sprache,
Administration/traductions.php,,Page,Seite,
Administration/traductions.php,,Sauvegarder,Speichern,
Administration/traductions.php,,Source Texte,Quelltext,
Administration/traductions.php,,Traduction,Übersetzung,
Administration/traductions.php,,Traductions Libellés,Übersetzungen Wordings,
Administration/traductions.php,,Traductions Textes,Text-Übersetzungen,
Administration/traductionsXLDet.php,,Edition des Traductions,Bearbeitung von Übersetzungen,
Administration/traductionsXLDet.php,,Sélectionner,Wählen Sie,
Administration/traductionsXLDet.php,,Veuillez confirmez la suppression,Bitte bestätigen Sie die Löschung,
Administration/utilisateur.php,,Ajouter un utilisateur,Einen Benutzer hinzufügen,
Administration/utilisateur.php,,Autorisation,Autorisierung,
Administration/utilisateur.php,,Liste des utilisateurs,Benutzer-Liste,
Adresse/ajax.ContactFiltre.php,,Exporter (PDF),Exportieren (PDF),
Adresse/ajax.ContactFiltre.php,,Exporter (CSV),Exportieren (CSV),
Adresse/ajax.ContactFiltre.php,,Marqueur,Markierung,
Adresse/ajax.ContactFiltre.php,,Nombre de contacts trouvés,Anzahl der gefundenen Kontakte,
Adresse/ajax.ContactFiltre.php,,Tél. 2,Tel. 2,
Adresse/ajax.ContactFiltre.php,,Tél. 3,Tel. 3,
Adresse/ajax.ContactFiltre.php,,Tél. 4,Tel. 4,
Adresse/ajoutContact.php,,Ajout d'un contact,Einen Kontakt hinzufügen,
Adresse/ajoutContact.php,,Brig,Brig,
Adresse/ajoutContact.php,,Conches,Goms,
Adresse/ajoutContact.php,,Conthey,Conthey,
Adresse/ajoutContact.php,,Entremont,Entremont,
Adresse/ajoutContact.php,,Espagnole,Spanisch,
Adresse/ajoutContact.php,,Française,Französisch,
Adresse/ajoutContact.php,,Hérens,Hérens,
Adresse/ajoutContact.php,,Hors Canton,ausserkantonal,
Adresse/ajoutContact.php,,Italienne,Italienisch,
Adresse/ajoutContact.php,,Loèche,Leuk,
Adresse/ajoutContact.php,,Marocaine,Marokkanisch,
Adresse/ajoutContact.php,,Martigny,Martinach,
Adresse/ajoutContact.php,,Portugaise,Portugiesisch,
Adresse/ajoutContact.php,,Rarogne,Raron,
Adresse/ajoutContact.php,,Saint-Maurice,Saint-Maurice,
Adresse/ajoutContact.php,,Sierre,Sierre,
Adresse/ajoutContact.php,,Suisse,Schweiz,
Adresse/ajoutContact.php,,Turque,Türkisch,
Adresse/ajoutContact.php,,Viège,Visp,
Adresse/contact.php,,Acc,Zugang,
Adresse/contact.php,,Accompagnant,Begleiterin oder Begleiter,
Adresse/contact.php,,Ajouter un contact,Einen Kontakt hinzufügen,
Adresse/contact.php,,Bénéficiaire,Begünstigter,
Adresse/contact.php,,Dernière modif.,Zuletzt geändert.,
Adresse/contact.php,,Détail,Einzelheiten,
Adresse/contact.php,,Export des dons,Export von Spenden,
Adresse/contact.php,,Filtre recherche avancée,Erweiterte Suche Filter,
Adresse/contact.php,,Filtre recherche marquage manuel,Suchfilter für manuelle Markierung,
Adresse/contact.php,,Int,Int,
Adresse/contact.php,,Intervenant,Betreuer,
Adresse/contact.php,,Liste des Adresses,Liste der Adressen,
Adresse/contact.php,,Localité,Ort,
Adresse/contact.php,,Npa,PLZ,
Adresse/contact.php,,Psh,Psh,
Adresse/contact.php,,Rechercher..,Suchen...,
Adresse/contact.php,,Réinitialiser,Zurücksetzen,
Adresse/contact.php,,Tél. 1,Tel. 1,
Adresse/contact.php,,Total,Gesamt,
Adresse/contrat.php,,Date de fin,Enddatum,
Adresse/contrat.php,,Date du début,Startdatum,
Adresse/contrat.php,,Liste des contrats intervenant avec,Liste der Verträge mit,
Adresse/contrat.php,,Signé le,Unterzeichnet am,
Adresse/contratAcc.php,,Accompagnant (e),Begleiterin oder Begleiter,
Adresse/contratAcc.php,,Ajouter,hinzufügen,
Adresse/contratAcc.php,,Annee,Jahr,
Adresse/contratAcc.php,,Contrat signé le,Vertrag unterzeichnet am,
Adresse/contratAcc.php,,Cuisinier (ère),Koch,
Adresse/contratAcc.php,,Imprimer,Drucken,
Adresse/contratAcc.php,,Infirmier (ère),Pflegefachperson,
Adresse/contratAcc.php,,jour,Tag,
Adresse/contratAcc.php,,Liste des contrats accompagnant signés pour,Liste der begleitenden Verträge unterzeichnet für,
Adresse/contratAcc.php,,Salaire brut,Bruttogehalt,
Adresse/contratAcc.php,,Salaire Chauffeur,Gehalt Fahrer,
Adresse/contratAcc.php,,Type de contrat,Art des Vertrags,
Adresse/contratPrint.php,,Intervenant (e) - année,Betreuer - Jahr,
Adresse/contratPrint.php,,Prénom & Nom,Vorname und Nachname,
Adresse/contratPrintAcc.php,,Compte IBAN,IBAN-Konto,
Adresse/contratPrintAcc.php,,CONTRAT DE TRAVAIL,TARIFVERTRAG,
Adresse/contratPrintAcc.php,,Coordonnées bancaires (nom et lieu),Bankverbindung (Name und Ort),
Adresse/contratPrintAcc.php,,Entre,Zwischen,
Adresse/contratPrintAcc.php,,Et,Und,
Adresse/contratPrintAcc.php,,L'Association Cerebral Valais,Die Vereinigung Cerebral Wallis,
Adresse/contratPrintAcc.php,,L'employé(e),Der Arbeitnehmer,
Adresse/contratPrintAcc.php,,Lieu d'origine / Nationalité,Herkunftsort/Nationalität,
Adresse/contratPrintAcc.php,,Lieu et date,Ort und Datum,
Adresse/contratPrintAcc.php,,N° AVS,AHV-NR.,
Adresse/contratPrintAcc.php,,Pour l' employé(e),Für den Arbeitnehmer,
Adresse/contratPrintAcc.php,,Pour l’Association Cerebral Valais,Für die Vereinigung Cerebral Wallis,
Adresse/contratPrintAcc.php,,Prénom / Nom,Vorname / Nachname,
Adresse/contratPrintAcc.php,,Signature,Unterschrift,
Adresse/contratPrintAcc.php,,Tél,Tel,
Adresse/cotisation.php,,Action camps d'été,Aktion Sommerlager,
Adresse/cotisation.php,,Action de Noël,Weihnachts-Aktion,
Adresse/cotisation.php,,"Autres dons, divers, spontané","Andere Geschenke, Verschiedenes, Spontaneität",
Adresse/cotisation.php,,Collectif,Kollektiv,
Adresse/cotisation.php,,Commentaire,Kommentar,
Adresse/cotisation.php,,Cotisation,Mitgliedsbeitrag,
Adresse/cotisation.php,,Date,Datum,
Adresse/cotisation.php,,Don,Spende,
Adresse/cotisation.php,,Dons issus du journal connaître,Spenden von der Zeitung connaître,
Adresse/cotisation.php,,Dons pour la Fondation Liberty,Spenden an die Liberty Foundation,
Adresse/cotisation.php,,Dons suite à un deuil,Trauerspenden,
Adresse/cotisation.php,,Genre,Wie,
Adresse/cotisation.php,,Intéressé,Interessiert,
Adresse/cotisation.php,,Montant,Betrag,
Adresse/cotisation.php,,Non,Nein,
Adresse/cotisation.php,,Passif,Verbindlichkeiten,
Adresse/cotisation.php,,Remercié le,Verdankt am,?
Adresse/cotisation.php,,Retour au contact,Zurück zu Kontakt,
Adresse/cotisation.php,,Services de relève,Entlastungsdienst,
Adresse/cotisation.php,,Source,Quelle,
Adresse/cotisation.php,,Soutiens,Total der Unterstützungen,?
Adresse/cotisation.php,,Total des contributions,Beiträge insgesamt,
Adresse/cotisation.php,,Tutelle,Beistand,
Adresse/cotisation.php,,Unité accueil temporaire,Temporäre Aufnahmeeinheit,?
Adresse/cotisation.php,,Versement,Zahlung,
Adresse/detContact.php,,Abonnement,Abonnement,
Adresse/detContact.php,,Accompagnant chauffeur,Begleitender Fahrer,
Adresse/detContact.php,,Actif,Aktiv,
Adresse/detContact.php,,Adresse,Adresse,
Adresse/detContact.php,,Adresse secondaire,Sekundäre Adresse,
Adresse/detContact.php,,Adresse2,Adresse2,
Adresse/detContact.php,,Adulte,Erwachsene,
Adresse/detContact.php,,Agence de,Agentur von,
Adresse/detContact.php,,Aide à domicile,Hilfe zu Hause,
Adresse/detContact.php,,"Ami, bienfaiteur","Freund, Wohltäter",
Adresse/detContact.php,,Association,Vereinigung,
Adresse/detContact.php,,Assurance,Versicherung,
Adresse/detContact.php,,Autre,Andere,
Adresse/detContact.php,,Autres intérêts,Andere Interessen,
Adresse/detContact.php,,Banque,Bank,
Adresse/detContact.php,,Bénéficiaire(LAI),Empfänger (ATIA),
Adresse/detContact.php,,Bénévole,Freiwilliger Helfer,
Adresse/detContact.php,,Bulletin CONNAITRE,KENNENLERNEN Bulletin,?
Adresse/detContact.php,,Bus 8-16 pl (D1),Bus 8-16 pl (D1),
Adresse/detContact.php,,Camps,Lager,
Adresse/detContact.php,,Client loto,Lotto-Kunde,
Adresse/detContact.php,,Client pavillons,Kunden-Pavillons,
Adresse/detContact.php,,Co-responsable,Mitverantwortlich,
Adresse/detContact.php,,Comité,Ausschuss,
Adresse/detContact.php,,Commentaire(s),Kommentar(e),
Adresse/detContact.php,,Complément,Beilage,
Adresse/detContact.php,,Contrat accompagnant,Begleitender Vertrag,
Adresse/detContact.php,,Contrat intervenant,intervenierender Vertrag,
Adresse/detContact.php,,Contribution assistance,Beitrag zur Unterstützung,
Adresse/detContact.php,,Contributions,Beiträge,
Adresse/detContact.php,,Coordonnées du contact,Kontaktdaten,
Adresse/detContact.php,,Création du contact,Erstellen des Kontakts,
Adresse/detContact.php,,Cuisinier,Koch,
Adresse/detContact.php,,Date de naissance,Geburtsdatum,
Adresse/detContact.php,,Dernier don,Letzte Spende,
Adresse/detContact.php,,Disponibilités,Verfügbarkeiten,
Adresse/detContact.php,,Donateur,Spender,
Adresse/detContact.php,,e-mail,E-Mail,
Adresse/detContact.php,,Ecole,Schule,
Adresse/detContact.php,,Employé,Mitarbeiterin,
Adresse/detContact.php,,Etat civil,Familienstand,
Adresse/detContact.php,,Grp. Parents,Grp. Eltern,
Adresse/detContact.php,,IBAN/cpte,IBAN/Konto,
Adresse/detContact.php,,Infos diverses sur le contact,Diverse Kontaktinformationen,
Adresse/detContact.php,,Infos spécifiques accompagnant,Spezifische Begleitinformationen,
Adresse/detContact.php,,Infos. médicales,Medizinische Informationen,
Adresse/detContact.php,,Infos. sociales,Soziale Infos,
Adresse/detContact.php,,Institution,Einrichtung,
Adresse/detContact.php,,Intendant (e),Schatzmeister (e),
Adresse/detContact.php,,Intéressé(e) aux cours / activités / services et autre,Interessiert an Kursen / Aktivitäten / Dienstleistungen und anderen,
Adresse/detContact.php,,Interventions,Interventionen,
Adresse/detContact.php,,Journal CEREBRAL Suisse,Zeitung CEREBRAL Schweiz,
Adresse/detContact.php,,Madame,Frau,
Adresse/detContact.php,,Maison,Haus,
Adresse/detContact.php,,Marquage manuel,Manuelle Markierung,
Adresse/detContact.php,,Médecin,Arzt,
Adresse/detContact.php,,Membre,Mitglied,
Adresse/detContact.php,,Membre d'honneur de l'association,Ehrenmitglied der Vereinigung,
Adresse/detContact.php,,Modifié le,Geändert am,
Adresse/detContact.php,,Modifier,bearbeiten,
Adresse/detContact.php,,Monthey,Monthey,
Adresse/detContact.php,,Nationalité,Staatsangehörigkeit,
Adresse/detContact.php,,Numéro AVS,AHV-Nummer,
Adresse/detContact.php,,Parent/ tuteur,Eltern/Erziehungsberechtigte,
Adresse/detContact.php,,Parlant (langue),Sprechen (Sprache),
Adresse/detContact.php,,Partenaire,Partner,
Adresse/detContact.php,,Payant,Gebühr,
Adresse/detContact.php,,Permis de conduire voiture (B),Führerschein Auto (B),
Adresse/detContact.php,,Permis de séjour,Aufenthaltserlaubnis,
Adresse/detContact.php,,Pour l'association,Für die Vereinigung,
Adresse/detContact.php,,Proche de l'association (partenaires et clients),Verbandsnähe (Partner und Kunden),
Adresse/detContact.php,,Programme des activités,Programm der Aktivitäten,
Adresse/detContact.php,,Qualité de contact,Qualität deS KontaktS,?
Adresse/detContact.php,,Qualité de contributeur,Status des Beitragszahlers,?
Adresse/detContact.php,,Résident dans la région,In der Gegend ansässig,?
Adresse/detContact.php,,Resp. des soins,Verantwortlicher Pflege,
Adresse/detContact.php,,Responsable,Verantwortlich,
Adresse/detContact.php,,Service de relève,Unterstützungsdienst,
Adresse/detContact.php,,SERVICES,DIENSTLEISTUNGEN,
Adresse/detContact.php,,Sion,Sion,
Adresse/detContact.php,,Supprimer,löschen,
Adresse/detContact.php,,Terrifics,Gebiete,?
Adresse/detContact.php,,Titre,Titel,
Adresse/detContact.php,,Tous les contacts,Alle Kontakte,
Adresse/detContact.php,,Type,Typ,
Adresse/detContact.php,,UAT,UAT,
Adresse/detContact.php,,Validité,Gültigkeit,
Adresse/detContact.php,,VIP,VIP,
Adresse/detContact.php,,Week-ends,Wochenenden,
Adresse/exportAvance.php,,Export CSV,CSV exportieren,
Adresse/exportAvance.php,,Export PDF,PDF exportieren,
Adresse/exportAvance.php,,Tel 1,Tel. 1,
Adresse/exportAvance.php,,Tel 2,Tel. 2,
Adresse/exportAvance.php,,Tel 3,Tel. 3,
Adresse/exportAvance.php,,Tel 4,Tel. 4,
Adresse/exportDons.php,,Civilité,Zivilstand,?
Adresse/exportDons.php,,Date du versement,Datum der Zahlung,
Adresse/exportDons.php,,Somme,Summe,
Adresse/filtContact.php,,(un seul choix possible),(nur eine Wahl),
Adresse/filtContact.php,,Client lotos,Lotto-Kunde,
Adresse/filtContact.php,,Parent/Tuteur,Eltern/Beistand,
Adresse/filtContact.php,,Personne en situation de handicap,Person mit einer Behinderung,
Adresse/filtContact.php,,Qualité du contact,Qualität des Kontakts,
Adresse/filtContact.php,,Recherche avancée,Erweiterte Suche,
Adresse/filtContact.php,,un seul choix possible,nur eine Wahl,
Adresse/filtMarContact.php,,Chercher selon marquage manuel,Suche nach der manuellen Markierung,
Adresse/filtMarContact.php,,Résultat selon marquage manuel sélectionné,Ergebnis entsprechend der gewählten manuellen Markierung,
Adresse/modifContact.php,,Adresse 2,Adresse 2,
Adresse/modifContact.php,,Aides à domicile,Hilfe zu Hause,
Adresse/modifContact.php,,Annuler,Absagen,
Adresse/modifContact.php,,Célibataire,Ledig,
Adresse/modifContact.php,,Chalet,Chalet,
Adresse/modifContact.php,,Concubin,Konkubinatspartner,
Adresse/modifContact.php,,Direct Entreprise,Direktes Unternehmen,
Adresse/modifContact.php,,Divorcé,Geschieden,
Adresse/modifContact.php,,Enfant,Kind,
Adresse/modifContact.php,,Entreprise,Unternehmen,
Adresse/modifContact.php,,Famille,Familie,
Adresse/modifContact.php,,Frau,Frau,
Adresse/modifContact.php,,Herrn,Herr,
Adresse/modifContact.php,,Madame et Monsieur,Herr und Frau,
Adresse/modifContact.php,,Maman,Mutter,
Adresse/modifContact.php,,Marié,Verheiratet,
Adresse/modifContact.php,,Modification d'un contact,Einen Kontakt bearbeiten,
Adresse/modifContact.php,,Monsieur,Herr,
Adresse/modifContact.php,,Papa,Vater,
Adresse/modifContact.php,,Prof. Maman,Beruf der Mutter,
Adresse/modifContact.php,,Prof. Papa,Beruf des Vaters,
Adresse/modifContact.php,,Séparé,Getrennt,
Adresse/modifContact.php,,Services relève,Unterstützungsdienst,
Adresse/modifContact.php,,Société,Gesellschaft,
Adresse/modifContact.php,,Veuf,Witwer,
Adresse/modifCotisation.php,,Modification d'une contributions,Änderung eines Beitrags,
Adresse/supContact.php,,Veuillez confirmer la suppression du contact,Bitte bestätigen Sie die Löschung des Kontaktes,
Adresse/supCotisation.php,,Suppression d'une saisie,Löschen eines Eintrags,
Adresse/supCotisation.php,,Veuillez confirmer la supression de la saisie du,Bitte bestätigen Sie die Löschung der,
gestionEmploye/gestion.php,,Animation,Animation,
gestionEmploye/gestion.php,,Liste des employés,Liste der Mitarbeiter,
gestionEmploye/gestion.php,,Secretariat,Sekretariat,
index.php,,Login,Anmeldung,
index.php,,Password,Kennwort,
index.php,,Valider,Validieren Sie,
intervention/disponibilite.php,,Après-midi,Nachmittag,
intervention/disponibilite.php,,Dimanche,Sonntag,
intervention/disponibilite.php,,Jeudi,Donnerstag,
intervention/disponibilite.php,,Lundi,Montag,
intervention/disponibilite.php,,Mardi,Dienstag,
intervention/disponibilite.php,,Matin (07-12),Vormittag (07-12),
intervention/disponibilite.php,,Mercredi,Mittwoch,
intervention/disponibilite.php,,Midi (repas),Mittag (Mittagessen),
intervention/disponibilite.php,,"Profil, expériences et compétences","Profil, Erfahrung und Fähigkeiten",
intervention/disponibilite.php,,Références,Referenzen,
intervention/disponibilite.php,,Région possible,Mögliche Region,
intervention/disponibilite.php,,Région pour dépannage,Bereich für die Hilfeleistung,?
intervention/disponibilite.php,,Région prioritaire,Prioritäre Region,
intervention/disponibilite.php,,Régions d'intervention possibles pour l'intervenant(e),Mögliche Region für den Betreuer,
intervention/disponibilite.php,,Samedi,Samstag,
intervention/disponibilite.php,,Soir (repas),Abend (Essen),
intervention/disponibilite.php,,Soirée,Abend,
intervention/disponibilite.php,,Vendredi,Freitag,
intervention/impGroupe.php,,au,unter,?
intervention/impGroupe.php,,Impression groupée des interventions pour,Geordnete Eindrücke der Unterstützung für,?
intervention/impGroupe.php,,Période du,Zeitraum von,
intervention/impGroupe.php,,Retour,Zurück,
intervention/intervention.php,,Début,Start,
intervention/intervention.php,,Facturé,In Rechnung gestellt,
intervention/intervention.php,,Fin,Ende,
intervention/intervention.php,,Impression groupée,Geordnete Eindrücke,?
intervention/intervention.php,,Interventions effectuées,Durchgeführte Interventionen,
intervention/intervention.php,,Interventions ouvertes pour,Offene Interventionen für,
intervention/intervention.php,,Liste des interventions effectuées,Liste der durchgeführten Interventionen,
intervention/intervention.php,,Subv.,Subv.,
intervention/intervention.php,,Type d'aide,Art der Hilfe,
intervention/intervention.php,,Type de service,Art der Dienstleistung,
intervention/intervention.php,,Type de services,Art der Dienstleistungen,
intervention/modifierDispo.php,,Ardon,Ardon,
intervention/modifierDispo.php,,bagnes,Bagnes,
intervention/modifierDispo.php,,Bas-Valais,Unterwallis,
intervention/modifierDispo.php,,Brigue,Brig,
intervention/modifierDispo.php,,Charrat,Charrat,
intervention/modifierDispo.php,,Choëx,Choëx,
intervention/modifierDispo.php,,Haut-Valais,Oberwallis,
intervention/modifierDispo.php,,Matin (07- 12),Vormittag (07- 12),
intervention/modifierDispo.php,,Régions d'intervention possibles pour l'Intervenant,Mögliche Region für den Betreuer,
intervention/modifierDispo.php,,Saint-Maurice,Saint-Maurice,
intervention/modifierDispo.php,,Savièse,Savièse,
intervention/modifierDispo.php,,Saxon,Saxon,
intervention/modifierDispo.php,,Tous le Valais,Gesamtes Wallis,
intervention/modifierDispo.php,,Valais-central,Mitelwallis,
intervention/modifIntervention.php,,Contribution d'assistance,Beitrag zur Unterstützung,
intervention/modifIntervention.php,,Loisirs,Freizeit,
intervention/modifIntervention.php,,Surcharge,Überlastung,
intervention/modifIntervention.php,,Urgence,Notfall,
Liberty/ajax.location.php,,pas de pdf,kein pdf,
Liberty/DetLocation.php,,Client,Kunde,
Liberty/DetLocation.php,,Contrat,Vertrag,
Liberty/DetLocation.php,,Date du séjour,Datum des Aufenthalts,
Liberty/DetLocation.php,,Détail de la location pour le pavillon,Mietdetails für den Pavillon,
Liberty/DetLocation.php,,dont en situation de handicap,davon behindert,
Liberty/DetLocation.php,,Fix,Fix,?
Liberty/DetLocation.php,,Heure d'arrivée,Ankunftszeit,
Liberty/DetLocation.php,,Heure de départ,Abfahrtszeit,
Liberty/DetLocation.php,,Modifier la réservation,Ändern Sie die Reservierung,
Liberty/DetLocation.php,,Nom et prénom,Vorname und Nachname,
Liberty/DetLocation.php,,Nombre de personnes,Zahl der Personen,
Liberty/DetLocation.php,,Personne reponsable administratif,Für die Verwaltung verantwortliche Person,
Liberty/DetLocation.php,,Planification des locations,Planung der Vermietung,
Liberty/DetLocation.php,,Remarques,Anmerkungen,
Liberty/DetLocation.php,,Responsable du groupe,Leiter der Gruppe,
Liberty/DetLocation.php,,Statuts,Statuten,
Liberty/DetLocation.php,,Téléphone,Telefon,
Liberty/liberty.php,,Nom de l'objet,Objekt-Name,
Liberty/liberty.php,,Options (pour contrats),Optionen (für Verträge),
Liberty/liberty.php,,Planning,Planung,
Liberty/Location.php,,Anciens contrats,Frühere Verträge,
Liberty/Location.php,,Arrivée,Anreise,
Liberty/Location.php,,en cours,laufend,
Liberty/Location.php,,Locations,Vermietungen,
Liberty/Location.php,,Nbre de pers.,Anzahl der Personen,
Liberty/Location.php,,Objet,Thema,
Liberty/Location.php,,Planification,Planung,
Liberty/Location.php,,Recherche par client,Suche nach Kunde,
Liberty/modifLocation.php,,Dates du séjour,Aufenthaltsdaten,
Liberty/modifLocation.php,,Logement,Wohnen,
Liberty/modifLocation.php,,Modification,Änderung,
Liberty/modifLocation.php,,Responsable administratif,Veranwortung Verwaltung,?
Liberty/planning.php,,août,August,
Liberty/planning.php,,Fixe,Festgelegt,
Liberty/planning.php,,juillet,Juli,
Liberty/planning.php,,Liste des locations,Liste der Vermietungen,
Liberty/planning.php,,Non disponible,Nicht verfügbar,
Liberty/planning.php,,Nouvelle Location,Neuer Standort,
Liberty/planning.php,,novembre,November,
Liberty/planning.php,,Objets en location,Zu vermietende Gegenstände,
Liberty/planning.php,,octobre,Oktober,
Liberty/planning.php,,Plan d'occupation,Belegungsplan,
Liberty/planning.php,,Provisoire,Vorläufige,
Liberty/planning.php,,Semaine,Woche,
Liberty/planning.php,,septembre,September,
Liberty/printLocation.php,,à,à,?
Liberty/printLocation.php,,Arrivée à,Ankunft in,
Liberty/printLocation.php,,Bases légale,Rechtliche Grundlagen,
Liberty/printLocation.php,,Changement de draps,Wechsel der Blätter,
Liberty/printLocation.php,,Charges supplémentaires,Zusätzliche Kosten,
Liberty/printLocation.php,,Conditions,Bedingungen,
Liberty/printLocation.php,,Conditions générales,Allgemeine Geschäftsbedingungen,
Liberty/printLocation.php,,Contrat de location,Mietvertrag,
Liberty/printLocation.php,,Coordonnées du responsable administratif,Kontaktdaten des Verantwortlichen der Verwaltung,?
Liberty/printLocation.php,,Définition de l'objet,Objekt-Definition,
Liberty/printLocation.php,,Départ à,Abfahrt um,
Liberty/printLocation.php,,dont,einschliesslich,
Liberty/printLocation.php,,du responsable du groupe,des Gruppenleiters,
Liberty/printLocation.php,,E-Mail :,E-Mail:,
Liberty/printLocation.php,,Entre La Fondation Liberty (bailleur) d'une part,Zwischen der Vereinigung  Liberty  (Vermieterin) einerseits,
Liberty/printLocation.php,,Lave-linge avec produit,Mittel Wäschewaschen,
Liberty/printLocation.php,,Logement de vacances adapté - Vétroz Valais,Angepasste Ferienunterkünfte - Vétroz Valais,
Liberty/printLocation.php,,loué,gemietet,
Liberty/printLocation.php,,Modalités de paiement,Zahlungsbedingungen,
Liberty/printLocation.php,,Nom et Prénom :,Vorname und Familienname :,
Liberty/printLocation.php,,Options,Optionen,
Liberty/printLocation.php,,Paiement du solde,Zahlung des Restbetrags,
Liberty/printLocation.php,,personnes,Menschen,
Liberty/printLocation.php,,personnes en situation de handicap,Behinderte Personen,
Liberty/printLocation.php,,Pour le bailleur,Für den Vermieter,
Liberty/printLocation.php,,Pour le locataire,Für den Mieter,
Liberty/printLocation.php,,Raiffeisen de Sion,Raiffeisen von Sion,
Liberty/printLocation.php,,Sèche-linge,Trockner,
Liberty/printLocation.php,,Tarifs facturés,Verlangte Tarife,
Liberty/printLocation.php,,Téléphone :,Telefon:,
Liberty/printLocation.php,,TVA non comprise,Mehrwertsteuer nicht inbegriffen,
Liberty/printLocation.php,,www.cerebral-valais.ch/locations,www.cerebral-valais.ch/locations,
medical/medical.php,,Alimentation,Lebensmittel,
medical/medical.php,,Aliments préférés,Bevorzugte Lebensmittel,
medical/medical.php,,Allergies,Allergien,
medical/medical.php,,Assurance accident,Unfallversicherung,
medical/medical.php,,Besoin,Brauchen,
medical/medical.php,,Boissons,Getränke,
medical/medical.php,,Boissons préférées,Lieblingsgetränke,
medical/medical.php,,Caisse maladie,Krankenversicherung,
medical/medical.php,,Canton de résidence,Wohnkanton,
medical/medical.php,,Dans quelles conditions,Unter welchen Bedingungen,
medical/medical.php,,Déconseillé,Nicht empfohlen,
medical/medical.php,,Déconseillées,Nicht empfohlen,
medical/medical.php,,Degré impotence,Grad der Hilflosigkeit,
medical/medical.php,,dont plurihandicap,davon Mehrfachbehinderung,
medical/medical.php,,Dossages,Dosierung,
medical/medical.php,,Edition de la médication,Richten der Medikamente,?
medical/medical.php,,Edition des infos médicales,Bearbeiten von medizinischen Informationen,
medical/medical.php,,Escarres,Dekubitus,
medical/medical.php,,Fabriquant,Hersteller,
medical/medical.php,,Fiche infos participant.,Teilnehmerinfosatz.,?
medical/medical.php,,Handicaps associés,Zusätzliche Behinderungen,
medical/medical.php,,Indication sur la toilette,Untertsützung beim WC-Gang,?
medical/medical.php,,Infos médicales pour,Medizinische Informationen für,
medical/medical.php,,Infos sociales,Soziale Infos,
medical/medical.php,,Interdit,Verboten,
medical/medical.php,,Interdites,Verboten,
medical/medical.php,,Matin,Vormittag,
medical/medical.php,,Médecin 1,Arzt 1,
medical/medical.php,,Médecin 2,Arzt 2,
medical/medical.php,,Médecin 3,Arzt 3,
medical/medical.php,,Médication,Medikamente,
medical/medical.php,,Midi,Mittag,
medical/medical.php,,Nom du médicament,Name des Medikaments,
medical/medical.php,,Nouveau en,Neu in,
medical/medical.php,,Nuit,Nacht,
medical/medical.php,,N° d'assuré,Versicherungsnummer,
medical/medical.php,,OFAS (LAI),BSV (LAI),
medical/medical.php,,reconnu au titre de,qualifiziert als,
medical/medical.php,,Régime,Plan,
medical/medical.php,,Remarque,Hinweis,
medical/medical.php,,Soins,Pflege,
medical/medical.php,,Soir,Abend,
medical/medical.php,,Statut,Stand,
medical/medical.php,,Types de handicap,Arten von Behinderung,
medical/medical.php,,"WC, incontinence","WC, Inkontinenz",
medical/medication.php,,Dosage,Dosierung,
medical/medication.php,,Médication(s),Medikament(e),
medical/medication.php,,Retour aux infos médicales,Zurück zu medizinischen Informationen,
medical/modif.php,,->,->,
medical/modif.php,,>,>,
medical/modif.php,,A. Autonomie moyenne,A. Durchschnittliche Autonomie,?
medical/modif.php,,B. Besoin d'aide élevé,B. Hoher Bedarf an Unterstützung,
medical/modif.php,,Boisson préférés,Lieblingsgetränk,
medical/modif.php,,C. Besoin d'aide très élevé,C. Sehr hoher Bedarf an Unterstützung,
medical/modif.php,,Caissse maladie,Krankenkasse,
medical/modif.php,,Dans quelles condition,Unter welchen Bedingungen,
medical/modif.php,,Déconseillée,Nicht empfohlen,
medical/modif.php,,En situation de handicape,In einer Situation der Behinderung,
medical/modif.php,,Faible,Leicht,
medical/modif.php,,Grave,Schwer,
medical/modif.php,,Handicapés de l'ouïe,Hörbehindert,
medical/modif.php,,Handicapés de la vue,Sehbehindert,
medical/modif.php,,Handicapés de mentaux ou ayant des difficultés d'apprentissage,Geistig behindert oder lernbehindert,
medical/modif.php,,Handicapés du langage,Sprachliche Beeinträchtigungen,
medical/modif.php,,Handicapés par suir de dépendance,Durch Sucht behindert,
medical/modif.php,,Handicapés par suite de maladie,Durch Krankheit behindert,
medical/modif.php,,Handicapés physiques,Körperliche Behinderungen,
medical/modif.php,,Handicapés psychiques,Psychische Behinderungen,
medical/modif.php,,Indications sur la toilette,Unterstützung beim WC-Gang,
medical/modif.php,,l'art. 101 bis LAVS,Art. 101 bis LAVS,
medical/modif.php,,l'art. 74 LAI,s. 74 ATIA,
medical/modif.php,,Modifier les info médicales pour,Medizinische Informationen bearbeiten zu,
medical/modif.php,,Moyen,Mittel,?
medical/modif.php,,Non reconnu,Nicht anerkannt,
medical/modif.php,,Proches,Angehörige,?
medical/modif.php,,Types de handicape,Arten von Behinderung,
Ofas/ajax.decompteConSupp.php,,dont plurihandicapés,davon mit Mehrfachbehinderungen,
Ofas/ajax.decompteConSupp.php,,Nombre d'heures,Anzahl der Stunden,
Ofas/ajax.decompteConSupp.php,,Nouveau Client,Neuer Kunde,
Ofas/ajax.decompteConSupp.php,,Reconnu au sense de l'article,Anerkannt im Sinne des Artikels,
Ofas/ajax.decompteConSupp.php,,Repris de l'année précédente,Übertragen aus dem Vorjahr,
Ofas/ajax.decompteConSupp.php,,Total de personne non Reconnu,Gesamtzahl der nicht anerkannten Personen,
Ofas/ajax.decompteConSupp.php,,Total par Région,Gesamt nach Region,
Ofas/ajax.decompteConSupp.php,,Type de handicape,Art der Behinderung,
Ofas/conseilSupport.php,,Catégorie,Kategorie,
Ofas/LufebProgamme.php,,Centre d'information et de documentation,Informations- und Dokumentationszentrum,
Ofas/LufebProgamme.php,,Développement élaboration et diffusion matériel d'information pour les personnes en situation de handicap,"Entwicklung, Ausarbeitung und Verbreitung von Informationsmaterial für Menschen mit Behinderungen",
Ofas/LufebProgamme.php,,Heures imputées,Zugewiesene Stunden,
Ofas/LufebProgamme.php,,Médias et publications de l'organisation accessibles au public,Öffentlich zugängliche Medien und Publikationen der Organisation,
Ofas/LufebProgamme.php,,Prestation de base pour l'encouragement de l'entraide,Grundleistung zur Förderung der gegenseitigen Hilfe,?
Ofas/LufebProgamme.php,,Tâches générales d'information et de relations publiques,Aufgaben der allgemeinen Information und Öffentlichkeitsarbeit,?
Ofas/LufebProgamme.php,,Travail de fond ou projets spécifiques,Hintergrundarbeit oder spezifische Projekte,?
Ofas/ofas.php,,Catégories de cours,Kurs-Kategorien,
Ofas/ofas.php,,Conseil et support,Beratung und Unterstützung,
Ofas/ofas.php,,Programme de travail réalisé,Ausgeführtes Arbeitsprogramm,
Ofas/ofas.php,,Sélectioner la période du décompte OFAS,Auswahl der Abrechnungsperiode des BSV,
Ofas/ofas.php,,Statistiques Clients,Kundenstatistik,
Ofas/ofas.php,,Types de cours,Arten von Kursen,
Ofas/ofas.php,,Vie accompagnée,Begleitetes Leben,
Releve/ajax.Contact.php,,Intervention,Intervention,
Releve/ajax.inter.php,,Coordonnées,Kontaktdaten,
Releve/ajax.inter.php,,L'intervenant habituel n'a pas encore été défini,Der regelmässige Betreuer ist noch nicht bestimmt worden.,
Releve/ajax.inter.php,,Possible,Möglicherweise,
Releve/ajax.inter.php,,Pour dépannage,Zur Fehlerbehebung,
Releve/ajax.inter.php,,Prioritaire,Priorität,
Releve/ajax.inter.php,,Région,Region,
Releve/ajax.inter.php,,Tel. mobile,Mobiltelefon,
Releve/ajax.inter.php,,Tel. privé,Privat-Tel.,
Releve/ajax.inter.php,,Tel. professionnel,Tel. Arbeit,
Releve/beneficiaire.php,,Chercher,Suche,
Releve/interOuverte.php,,Bénéficiaires,Begünstigte,
Releve/interOuverte.php,,Intervenants,Unterstützungspersonen,
Releve/interOuverte.php,,Listes des interventions ouvertes,Listen der offenen Interventionen,
Releve/listeIntervention.php,,Filtre pour le décompte pour,Countdown-Filter für,
Releve/print.php,,Date:,Datum:,
Releve/print.php,,Début:,Am Anfang:,
Releve/print.php,,Fiche d'intervention,Interventionsformular,
Releve/print.php,,Fin :,Das Ende:,
Releve/print.php,,Temps effectif,Effektive Zeit,
Releve/print.php,,Type de besoin:,Art des Bedarfs:,
Releve/print.php,,Type de service:,Art der Dienstleistung:,
Releve/print2.php,,"Attention, pour les fiches retournées après le 20,","Achtung, für Karten, die nach dem 20,",
Releve/print2.php,,au plus tard pour le 20 du mois au secrétariat,bis spätestens zum 20. des Monats an das Sekretariat,
Releve/print2.php,,"Cette fiche est à retourner dûment signée,","Dieses Formular ist ordnungsgemäß unterzeichnet zurückzusenden,",
Releve/print2.php,,de l'association.,der Vereinigung.,
Releve/print2.php,,Fiche d'intervention(s),Interventionsblatt(e),
Releve/print2.php,,le salaire sera payé le mois suivant.,das Gehalt wird im Folgemonat ausgezahlt.,
Releve/print2.php,,Lieu,Standort,
Releve/print2.php,,Service de relève à domicile,Unterstützungsdienst zu Hause,
Releve/printDecompte.php,,Interventions non subventionnées,Nicht subventionierte Interventionen,
Releve/printDecompte.php,,Interventions subventionnées,Subventionierte Interventionen,
Releve/printDecompte.php,,Liste des interventions par bénéficiaire,Liste der Interventionen nach Begünstigten,
Releve/printDecompte.php,,Total des heures non subventionées,Nicht subventionierte Stunden insgesamt,
Releve/printDecompte.php,,Total des heures subventionnées,Subventionierte Stunden insgesamt,
Releve/printDecompte.php,,Type de besoin,Art des Bedarfs,
Releve/printPlanif.php,,Edité le,Veröffentlicht am,
Releve/printPlanif.php,,Liste des interventions planifiées,Liste der geplanten Aufgaben,
Releve/printPlanif.php,,Téléphone(s),Telefon(e),
Releve/releve.php,,Dépannage,Fehlerbehebung,
Releve/releve.php,,Habituel,Gewöhnlich,
Releve/releve.php,,Intervenant(s) pour,Betreuer für,
Releve/releve.php,,Interventions effectuées pour le bénéficiaire,a,
Releve/releve.php,,Interventions ouvertes pour le bénéficiaire,Für den Begünstigten offene Interventionen,
Releve/releve.php,,Interventions planifiées,Geplante Interventionen,
Releve/releve.php,,Occasionnel,Gelegentlich,
Releve/releve.php,,Recherche,Suche,
Releve/releveA.php,,Interventions ouvertes,Offene Interventionen,
Releve/releveA.php,,Nouvelle intervention,Neue Intervention,
Releve/releveA.php,,Statistiques,Statistik,
Releve/releveModif.php,,Habitude,Gewohnheit,
Releve/releveModif.php,,Intervention pour le bénéficiaire,Intervention für den Begünstigten,
Releve/releveModif.php,,Reserve,Reservieren,
Releve/statistique.php,,Période du:,Zeitraum von:,
Releve/statistique.php,,Statistiques des prestations,Leistungsstatistik,
social/modifSocial.php,,Info sociale pour,Soziale Infos für,
social/modifSocial.php,,Ajouter une photo,Ein Foto hinzufügen,
social/modifSocial.php,,Ataches,Anhänge,?
social/modifSocial.php,,avec conseil,beratend,
social/modifSocial.php,,avec moyen auxillaires,mit Hilfsmitteln,
social/modifSocial.php,,Consigne remarques pour le sommeil,Ritual beim Einschlafen,
social/modifSocial.php,,Dans l'institutuion,In der Institution,
social/modifSocial.php,,Est d'accord d'être publié,stimmt der Veröffentlichung zu,
social/modifSocial.php,,Fraterie,Geschwister,
social/modifSocial.php,,Gère seule,Verwaltet allein,
social/modifSocial.php,,Info pratiques,Praktische Informationen,
social/modifSocial.php,,Marche seule,Alleine gehen,
social/modifSocial.php,,Modifier la photo,Foto bearbeiten,
social/modifSocial.php,,"Peu appréciés, phobies","Weniger beliebt, mag nicht, fürchtet sich vor",
social/modifSocial.php,,Tissus social,Soziales Umfeld,
social/print.php,,Activités peu appréciées,Unbeliebte Aktivitäten,
social/print.php,,aide physique,physische Unterstützung,
social/print.php,,Association Cerebral Valais,Vereinigung Cerebral Wallis,
social/print.php,,avec de l'aide,mit Hilfe,
social/print.php,,Avec gilet flottant,Mit Schwimmweste,
social/print.php,,Consignes et remarques pour le sommeil,Schlafanweisungen und Notizen,
social/print.php,,Contacts médicaux,Medizinische Kontakte,
social/print.php,,Contacts proches,Enge Kontakte,
social/print.php,,Dans quelle conditions,Unter welchen Bedingungen,
social/print.php,,Degré d'impotence,Grad der Hilflosigkeit,
social/print.php,,Dernière mise à jour,Letzte Aktualisierung,
social/print.php,,"En cas d'urgence, prévenir en priorité",Im Notfall zu benachrichtigen,
social/print.php,,Est d'accord d'être publié(e):,stimmt der Veröffentlichung zu:,
social/print.php,,et de,und an,
social/print.php,,Fauteil roulant manuel,Manueller Rollstuhl,
social/print.php,,Fiche information Participant,Informationsblatt für Teilnehmer,
social/print.php,,Fréquence des changements de position,Häufigkeit von Positionsänderungen,
social/print.php,,"Habillement,autonomie et style","Kleidung, Autonomie und Stil",
social/print.php,,Illustration position jour,Abbildung Tagesposition,
social/print.php,,Illustration position nuit,Abbildung Nachtposition,
social/print.php,,Médecin généraliste,Allgemeinmediziner,
social/print.php,,"Médecin, spécialiste 1","Arzt, Facharzt 1",
social/print.php,,"Médecin, spécialiste 2","Ärztin, Spezialistin 2",
social/print.php,,moyens auxiliaires,Hilfsmittel,
social/print.php,,Né(e) le,Geboren am,
social/print.php,,N° d'assuré caisse maladie,Krankenversicherungsnummer,
social/print.php,,Passion loisirs,Freizeit,
social/print.php,,"pour les longs déplacements, commentaires mobilité","für lange Reisen, Anmerkungen zur Mobilität",
social/print.php,,Remarque concernant la piscine,Anmerkung zum Schwimmen,
social/print.php,,Tél.,Tel.,
social/print.php,,Type de handicap,Art der Behinderung,
social/print.php,,www.cerebral-valais.ch,www.cerebral-valais.ch,
social/social.php,,"Activitées peu appréciées, phobies","Weniger beliebt, mag nicht, fürchtet sich vor",
social/social.php,,Amis,Freunde,
social/social.php,,Argent de poche,Taschengeld,
social/social.php,,Attaches,Anhänge,
social/social.php,,avec aide,mit Unterstützung,
social/social.php,,avec aide physique,mit physischer Unterstützung,
social/social.php,,avec conseils,mit Ratschägen,
social/social.php,,avec moyens auxiliaires,mit Hilfsmitteln,
social/social.php,,Barrière,Barriere,
social/social.php,,Changement de position,Änderung der Position,
social/social.php,,"Communication, expression","Kommunikation, Ausdruck",
social/social.php,,Confort jour,Komfort bei Tag,
social/social.php,,Confort nuit,Komfort bei Nacht,
social/social.php,,"Consignes, remarques pour le sommeil","Schlafanweisungen, Schlafnotizen",
social/social.php,,Contact,Kontakt,
social/social.php,,Contexte familial,Familiärer Kontext,
social/social.php,,Dans l'institution,In der Einrichtung,
social/social.php,,Drap spécial,Sonderblatt,
social/social.php,,Edition des infos sociales,Redaktion von sozialen Nachrichten,?
social/social.php,,Electrique,Elektrisch,
social/social.php,,en cas d'urgence,im Notfall,
social/social.php,,Enfant de,Kind von,
social/social.php,,est d'accord d'être publié(e),stimmt der Veröffentlichung zu,
social/social.php,,et de ( si séparé),und (falls getrennt),
social/social.php,,Fiche infos participant,Infoblatt für Teilnehmer,
social/social.php,,Fratrie,Geschwister,
social/social.php,,Fréquence,Häufigkeit,
social/social.php,,Gère seul(e),Verwaltet allein,
social/social.php,,Gilet,Weste,
social/social.php,,Gilet flottant,Schwimmweste,
social/social.php,,Habillement,Bekleidung,
social/social.php,,Illustration positions,Positionen der Illustration,?
social/social.php,,Illustration possible,Mögliche Illustration,?
social/social.php,,infos médicales,medizinische Daten,
social/social.php,,Infos pratiques,Praktische Informationen,
social/social.php,,Infos sociales pour,Soziale Infos für,
social/social.php,,Manuel,Handbuch,
social/social.php,,Marche seul(e),läuft allein,
social/social.php,,Mobilité,Mobilität,
social/social.php,,Ne gère pas,Schafft nicht,
social/social.php,,"Passion, loisirs",Hobbies,
social/social.php,,Piscine,Schwimmbad,
social/social.php,,Pour la nuit,Für die Nacht,
social/social.php,,Référent dans l'institution,Kontaktperson in der Institution,
social/social.php,,Sous tutelle de,Unter der Vormundschaft von,
social/social.php,,Tissu social,Soziales Umfeld,
Travail/ajax.historique.php,,Durée,Dauer,
Travail/ajax.historique.php,,Durée de la journée,Dauer des Tages,
Travail/ajax.historique.php,,Effectif,Effektive Zeit,?
Travail/ajax.historique.php,,Journée,Tag,
Travail/ajax.historique.php,,Résumé de la journée,Zusammenfassung des Tages,
Travail/ajax.historique.php,,Séquence(s),Sequenz(en),
Travail/ajoutTravail.php,,- >,- >,
Travail/ajoutTravail.php,,Accident,Unfall,
Travail/ajoutTravail.php,,ACCUEIL Accueil groupes ou renseignements,Willkommen oder Informationen der HOME-Gruppe,
Travail/ajoutTravail.php,,AG Assemblée générale,GA-Generalversammlung,
Travail/ajoutTravail.php,,APG,APG,
Travail/ajoutTravail.php,,Art. 74 (OFAS),Art. 74 (BSV),
Travail/ajoutTravail.php,,Bénéficiaire (conseils),Begünstigter (Beratung),
Travail/ajoutTravail.php,,BUREAU Travaux de bureau,BÜRO Büroarbeit,
Travail/ajoutTravail.php,,BUS Gestion des bus,BUS-Bus-Verwaltung,
Travail/ajoutTravail.php,,CHÔMAGE,ARBEITSLOSIGKEIT,
Travail/ajoutTravail.php,,Chômé,Arbeitslos,
Travail/ajoutTravail.php,,COLLOQUE Colloques et réunions,COLLOQUIUM Kolloquien und Tagungen,
Travail/ajoutTravail.php,,COMITE Comité,COMMITTEE-Ausschuss,
Travail/ajoutTravail.php,,"Commentaires, précisions","Kommentare, Klarstellungen",
Travail/ajoutTravail.php,,COMPTA Suivi comptable,BERECHNUNG Buchhaltungs-Follow-up,
Travail/ajoutTravail.php,,Congé,Verlassen Sie,
Travail/ajoutTravail.php,,CONNAITRE Journal Connaître,Zeitschrift KNOWLEDGE,
Travail/ajoutTravail.php,,CONTASIS Contribution assistance,CONTASIS Hilfe bei der Beitragszahlung,
Travail/ajoutTravail.php,,COTISAT Cotisations,BEITRÄGE Beiträge,
Travail/ajoutTravail.php,,Coûts indirects,Indirekte Kosten,
Travail/ajoutTravail.php,,Déménagement,Umzug,
Travail/ajoutTravail.php,,Deuil,Trauer,
Travail/ajoutTravail.php,,DOCUM Centre documentation,DOKUMENT Dokumentationszentrum,
Travail/ajoutTravail.php,,ECOLE Ecole,SCHULE Schule,
Travail/ajoutTravail.php,,FAITIERE Activité pour la faitière,FERTIG Aktivität für die Firstaktivität,
Travail/ajoutTravail.php,,Férié,Urlaub,
Travail/ajoutTravail.php,,FONDCEREB Fondation Cerebral,Stiftung FONDCEREB Cerebral,
Travail/ajoutTravail.php,,FONDDAM Fondation Denk an Mich,Stiftung FONDDAM Denk an Mich,
Travail/ajoutTravail.php,,FORHANDI Forum handicap,FORHANDI Behinderten-Forum,
Travail/ajoutTravail.php,,Formation cours,Ausbildungskurse,
Travail/ajoutTravail.php,,GRPPARE Groupe parents,GRPPARE-Elterngruppe,
Travail/ajoutTravail.php,,Honorifique,Ehrenamtlich,
Travail/ajoutTravail.php,,Hors 74,Ausgenommen 74,
Travail/ajoutTravail.php,,INFODEMA Informations aux divers demandeurs,INFODEMA Informationen für verschiedene Antragsteller,
Travail/ajoutTravail.php,,"INTENDANCE CEREBRAL Nettoyage, entretien et conciergerie","BESTIMMUNG KEREBRAL Reinigungs-, Wartungs- und Hausmeisterdienste",
Travail/ajoutTravail.php,,"INTENDANCE GROUPES Nettoyage, entretien et conciergerie","BETRIEBSGRUPPEN Reinigungs-, Wartungs- und Hausmeisterdienste",
Travail/ajoutTravail.php,,JOURFAM Journée des familles,JOURFAM Familientag,
Travail/ajoutTravail.php,,LOTO Lotos,LOTO-Lotos,
Travail/ajoutTravail.php,,LOTRO Loterie Romande,LOTRO Loterie Romande,
Travail/ajoutTravail.php,,Maladie,Krankheit,
Travail/ajoutTravail.php,,"MANIF Manifestation, évènements","MANIFER Veranstaltung, Veranstaltungen",
Travail/ajoutTravail.php,,Mariage,Hochzeit,
Travail/ajoutTravail.php,,Maternité,Mutterschaft,
Travail/ajoutTravail.php,,MDA Suivi MDA,MDA Follow-up MDA,
Travail/ajoutTravail.php,,Naissance,Geburt,
Travail/ajoutTravail.php,,Nb. d'heures (en décimal),Anzahl der Stunden (in Dezimalzahlen),
Travail/ajoutTravail.php,,"PAVIBURE Suivi contruction pavillon, bureaux",PAVIBURE Weiterverfolgung des Baus des Pavillons und der Büros,
Travail/ajoutTravail.php,,PAVILLONS Gestion des pavillons,PAVILIONS Verwaltung der Pavillons,
Travail/ajoutTravail.php,,PERMTEL Permanace et entreriens téléphoniques,PERMTEL Permanenz und Telefoneingänge,
Travail/ajoutTravail.php,,PROCAP Mandat pour Procap,PROCAP-Mandat für Procap,
Travail/ajoutTravail.php,,PROGRAM Elaboration et éditio pgm,PROGRAMM Ausarbeitung und editio pgm,
Travail/ajoutTravail.php,,RECFORAC Recrutement-Formation accompagnants,Rekrutierung RECFORAC - Ausbildung für Begleitpersonen,
Travail/ajoutTravail.php,,RELASSO Relations avec autres association,RELASSO Beziehungen zu anderen Verbänden,
Travail/ajoutTravail.php,,RELINST Relations avec Institutions,RELINST Beziehungen zu Institutionen,
Travail/ajoutTravail.php,,Saisie des heures,Zeiterfassung,
Travail/ajoutTravail.php,,SERVRELE Service relève - Familles non subventionnée,SERVRELE Hilfsdienst - Nicht subventionierte Familien,
Travail/ajoutTravail.php,,SITEWEB Site web,SITEWEB Website,
Travail/ajoutTravail.php,,SOUTPAR Soutiens parents,UNTERSTÜTZUNG VON ELTERNUNTERSTÜTZERN,?
Travail/ajoutTravail.php,,SUIVIEMP Formation employés,FOLLOW-UP Mitarbeiterschulung,
Travail/ajoutTravail.php,,"TRAITEUR CEREBRAL Gestion traiteur, repas","TRAITEUR CEREBRAL Verpflegungsmanagement, Mahlzeiten",?
Travail/ajoutTravail.php,,"TRAITEUR GROUPES Gestion traiteur, repas","GRUPPENVERKÄUFER Verpflegungsmanagement, Mahlzeiten",?
Travail/ajoutTravail.php,,Vacances,Feiertage,
Travail/ajoutTravail.php,,VSAS Etat VS - Action sociale,Staat VS - Dienststelle für Sozialwesen,
Travail/ajoutTravail.php,,VSDES Etat VS - Dpt enseignement spécialisé,Staat VS - Amt für Sonderschulwesen,
Travail/ajoutTravail.php,,VSSJ Etat VS - Service de la Jeunesse,Staat VS - Dienststelle für die Jugend,
Travail/ajoutTravail.php,,VSSRD Etat VS - Services relève familles subventionnées,VSSRD-Staat VS - Dienstellen für subventionierte Familien,?
Travail/ajoutTravail.php,,VSUAT Etat VS - Unité accueil temporaire,VSUAT-Staat VS - Temporäre Aufnahmeeinheit,?
Travail/ajoutTravail.php,,WEEKENDS Week-ends,Wochenenden,
Travail/decTravail.php,,Période du décompte,Abrechnungsperiode,
Travail/periode.php,,Date de fin (y.c),Enddatum (y.c),
Travail/periode.php,,Historique des périodes d'absences,Historie der Abwesenheitszeiten,?
Travail/periode.php,,Nb. de jour(s),Anzahl Tag(e),
Travail/periode.php,,Remarque(s),Anmerkung(en),
Travail/periode.php,,Saisie des absences (1 ou plusieurs jours),Eingabe von Abwesenheiten (1 oder mehr Tage),
Travail/travail.php,,Décompte employé(e),Anzahl der Mitarbeiter,
Travail/travail.php,,Gestion des employés,Mitarbeiter-Management,
Travail/travail.php,,Modifier,bearbeiten,
Travail/travail.php,,Saisie des absences (par jour(s)),Erfassung von Abwesenheiten (pro Tag(e)),
Travail/travail.php,,Saisie séquences horaires,Eingabe der Zeitfolge,
Travail/travail.php,,Date début,Startdatum,
Travail/travail.php,,Date fin,Enddatum,
Travail/travail.php,,Détails,Einzelheiten,
Travail/travail.php,,Dossier,Datei,
Travail/travail.php,,Heure début,Startzeit,
Travail/travail.php,,Heure fin,Endzeit,
Travail/travail.php,,Liste des saisies,Liste der Einträge,
variables.php,,Oui, Ja,
variables.php,,Non, Nein,
variables.php,,NC, **,
social/social.php,,Siège bus, ****, 

