1;-2138585887;0;0;0;0
;-1974002318;0;0;0;0
;-1949668449;0;0;0;0
;-1887115141;0;0;0;0
;-1756164214;0;0;0;0
;-1735727011;0;0;0;0
;-1690129297;0;0;0;0
;-1579856298;0;0;0;0
;-1475569285;0;0;0;0
;-1435346384;0;0;0;0
;-1354980006;2146189479;2146189314;2146189314;0
;-1336383801;0;0;0;0
;-1226171744;0;0;0;0
;-1213086902;0;0;0;0
;-1120356771;0;0;0;0
;-1100872493;0;0;0;0
;-1029621688;0;0;0;0
;-959706217;0;0;0;0
;-953224796;0;0;0;0
;-587438322;0;0;0;0
;-568750303;0;0;0;0
;-486550603;0;0;0;0
;-479406894;0;0;0;0
;-414006540;0;0;0;0
;-362773667;-509124961;0;0;0
;-22390883;0;0;0;0
;0;0;0;0;0
;107;0;0;0;0
;111;0;0;0;0
;118;0;0;0;0
;119;0;0;0;0
;129;0;0;0;0
;138;0;0;0;0
;160;0;0;0;0
;166;0;0;0;0
;167;0;0;0;0
;175;0;0;0;0
;177;0;0;0;0
;179;0;0;0;0
;182;0;0;0;0
;184;0;0;0;0
;252;0;0;0;0
;279;0;0;0;0
;280;0;0;0;0
;281;0;0;0;0
;283;0;0;0;0
;286;0;0;0;0
;287;0;0;0;0
;290;0;0;0;0
;292;0;0;0;0
;296;0;0;0;0
;297;0;0;0;0
;301;0;0;0;0
;302;0;0;0;0
;303;0;0;0;0
;429;0;0;0;0
;450;0;0;0;0
;455;0;0;0;0
;857;0;0;0;0
;1414;0;0;0;0
;1447;1429891015;1231232923;1290764579;0
;1452;0;0;0;0
;1507;0;0;0;0
;1508;0;0;0;0
;1511;0;0;0;0
;1512;2146189591;2146189770;2146189781;0
;1513;0;0;0;0
;1578;0;-707996126;1174489966;0
;1630;0;0;0;0
;1691;0;0;0;0
;1828;0;0;0;0
;2045;0;0;0;0
;2204;0;0;0;0
;2210;0;0;0;0
;2215;0;0;0;0
;2219;0;0;0;0
;2291;0;0;0;0
;2309;0;0;0;0
;2347;2146189417;2146189030;1831959862;0
;2425;0;0;0;0
;2541;1127805523;1319632834;2146189152;0
;2542;0;0;0;0
;2548;2146189576;2146189572;2146189983;2146189091
;2554;0;0;0;0
;2578;0;0;0;0
;2584;0;0;0;0
;2589;0;0;0;0
;2604;0;0;2146189314;0
;2611;0;0;0;0
;2619;0;0;0;0
;2625;0;0;0;0
;2642;0;0;0;0
;2643;0;0;0;0
;2653;0;0;0;0
;2654;0;0;0;0
;2655;0;0;0;0
;2657;0;0;0;0
;2659;0;0;0;0
;2734;0;0;0;0
;2746;0;0;0;0
;2762;0;0;0;0
;2811;0;0;0;0
;2846;0;0;0;0
;50038399;0;0;0;0
;55168688;0;0;0;0
;187714814;0;0;0;0
;207468492;0;0;0;0
;243437724;2146189636;0;0;0
;396742077;0;0;0;0
;644630123;0;0;0;0
;674040117;2146189228;2146189588;0;0
;674820052;0;0;0;0
;788283754;0;0;0;0
;982284145;0;0;0;0
;1005056097;0;0;0;0
;1014636521;0;0;0;0
;1026306511;0;0;0;0
;1031232110;0;0;0;0
;1034322144;0;0;0;0
;1035988716;0;0;0;0
;1041958732;0;0;0;0
;1045738360;0;0;0;0
;1061796863;0;0;0;0
;1061896702;0;0;0;0
;1061977115;0;0;0;0
;1074518627;0;0;0;0
;1083240723;0;0;0;0
;1087386639;0;0;0;0
;1087391122;0;0;0;0
;1088577847;0;0;0;0
;1100016670;2146189417;0;0;0
;1100158231;0;0;0;0
;1106056329;0;0;0;0
;1115645303;0;0;0;0
;1116339152;0;0;0;0
;1119442659;0;0;0;0
;1119443187;0;0;0;0
;1119448530;1231232923;2146189576;0;0
;1125316835;1823686857;0;0;0
;1127891338;1003999342;0;0;0
;1138806721;1272349759;1823686857;1231232923;0
;1144677323;0;0;0;0
;1148904896;0;0;0;0
;1172471980;0;0;0;0
;1172577274;0;0;0;0
;1175782861;0;0;0;0
;1175783172;0;0;0;0
;1176728538;0;0;0;0
;1184667370;0;0;0;0
;1191311576;0;0;0;0
;1191915897;0;0;0;0
;1194356555;1318928318;2146189064;1300885603;0
;1194358603;0;0;0;0
;1194881278;0;0;0;0
;1195664924;0;0;0;0
;1196153139;0;0;0;0
;1197467512;0;0;0;0
;1201506572;0;0;0;0
;1201536087;0;0;0;0
;1206538880;0;0;0;0
;1210064527;0;0;0;0
;1219752667;0;0;0;0
;1220344826;0;0;0;0
;1228834647;0;0;0;0
;1228835384;0;0;0;0
;1228837894;0;0;0;0
;1228923808;0;0;0;0
;1228924280;0;0;0;0
;1228924570;0;0;0;0
;1228928441;0;0;0;0
;1228928949;0;0;0;0
;1241531093;0;0;0;0
;1264433332;0;0;0;0
;1264491950;0;0;0;0
;1270805862;2146189156;2146189284;0;0
;1298294561;0;0;0;0
;1299487111;0;0;0;0
;1306135154;2146189064;2146188959;2146189358;0
;1306411305;0;0;0;0
;1306825490;0;0;0;0
;1307716338;0;0;0;0
;1309859639;0;0;0;0
;1315228613;0;0;0;0
;1318585409;0;0;0;0
;1349252291;0;0;0;0
;1457402239;0;0;0;0
;1493190852;0;0;0;0
;1540756715;0;0;0;0
;1639681950;0;0;0;0
;1674789794;0;0;0;0
;1700385237;0;0;0;0
;1730687754;0;0;0;0
;1844045075;0;0;0;0
;1855965489;0;0;0;0
;1884143596;2072341970;0;0;0
;1925632802;0;0;0;0
;1958467881;0;0;0;0
;1985796047;0;0;0;0
;1996993420;0;0;0;0
;2000044555;2146189771;2146189733;2146189358;0
;2080662280;2146189436;0;0;0
;2088593679;0;0;0;0
;2105684264;0;0;0;0
;2146188983;0;0;0;0
;2146189030;0;0;0;0
;2146189066;0;2146189068;0;0
;2146189075;0;0;0;0
;2146189086;0;0;0;0
;2146189102;0;0;0;0
;2146189111;2146189482;2146189436;0;0
;2146189118;0;0;0;0
;2146189129;0;0;0;0
;2146189159;2146189824;2146189714;-509124961;0
;2146189167;2146189163;0;0;0
;2146189179;0;0;0;0
;2146189191;0;0;0;0
;2146189203;0;0;0;0
;2146189217;0;0;0;0
;2146189218;0;0;0;0
;2146189219;0;0;0;0
;2146189224;1229346852;0;0;0
;2146189226;0;0;0;0
;2146189272;0;0;0;0
;2146189287;0;0;0;0
;2146189295;1176728538;2146189402;2146189568;0
;2146189297;0;0;0;0
;2146189312;0;0;0;0
;2146189323;0;0;0;0
;2146189330;2146189770;2146189714;2146189563;0
;2146189333;2146189526;2146189281;2146189436;0
;2146189335;0;0;0;0
;2146189337;0;0;0;0
;2146189343;0;0;0;0
;2146189362;1175668750;0;0;0
;2146189369;0;0;0;0
;2146189370;2146189714;2146189591;2146189228;0
;2146189374;0;0;0;0
;2146189377;0;0;0;0
;2146189380;0;0;0;0
;2146189381;0;0;0;0
;2146189410;0;0;0;0
;2146189420;2146189824;2146189525;2146189537;0
;2146189445;0;0;0;0
;2146189450;2146189325;2146189281;2146189436;0
;2146189461;0;0;0;0
;2146189463;2146189714;2146189417;2146189591;0
;2146189466;2146189636;2146189417;0;0
;2146189469;0;0;0;0
;2146189471;0;0;0;0
;2146189475;0;0;0;0
;2146189476;2146189264;0;0;0
;2146189477;0;0;0;0
;2146189478;2146189576;2146189537;2146189417;0
;2146189479;0;0;0;0
;2146189481;0;0;0;0
;2146189492;0;0;0;0
;2146189494;2146189527;1319632834;0;0
;2146189495;0;0;0;0
;2146189498;0;0;0;0
;2146189502;0;0;0;0
;2146189504;2146189821;2146189824;2146189525;0
;2146189510;0;0;0;0
;2146189512;0;0;0;0
;2146189529;0;0;0;0
;2146189539;2146189561;2146189824;2146189526;0
;2146189541;0;0;0;0
;2146189543;0;0;0;0
;2146189547;0;0;0;0
;2146189550;0;0;0;0
;2146189552;0;0;0;0
;2146189556;0;0;0;0
;2146189573;0;0;0;0
;2146189577;2146189525;0;0;0
;2146189579;0;0;0;0
;2146189582;2146189821;0;0;2146189527
;2146189599;2146189563;0;0;0
;2146189610;0;0;0;0
;2146189623;2146189417;2146189190;0;0
;2146189639;2146189714;0;0;0
;2146189640;0;0;0;0
;2146189642;2146189636;2146189824;0;0
;2146189643;2146189636;2146189824;0;0
;2146189655;2146189190;2146189714;0;0
;2146189658;0;0;0;0
;2146189676;0;0;0;0
;2146189678;0;0;0;0
;2146189679;0;0;0;0
;2146189681;0;0;0;0
;2146189682;0;0;0;0
;2146189684;2146189190;0;0;0
;2146189691;2146189228;2146189537;2146189563;0
;2146189695;0;0;0;0
;2146189701;0;0;0;0
;2146189708;2146189190;2146189636;0;0
;2146189712;2146189725;2146189903;2146189878;0
;2146189714;2146189714;0;0;0
;2146189722;2146189636;2146189824;0;0
;2146189741;2146189077;2146189525;2146189607;0
;2146189743;2146189824;0;0;0
;2146189746;2146189190;2146189607;0;0
;2146189750;2146189561;0;0;0
;2146189783;0;0;0;0
;2146189788;2146189821;0;0;0
;2146189808;0;0;0;0
;2146189810;2146189572;1001521379;0;0
;2146189816;0;0;0;0
;2146189819;2146189821;0;0;0
;2146189843;2146189572;0;0;0
;2146189852;2146189887;2146189878;2146189903;0
;2146189856;0;0;0;0
;2146189869;0;0;0;0
;2146189874;2146189790;2146189588;2146189228;0
;2146189888;2146189878;0;0;0
;2146189890;2146189588;2146189228;0;0
;2146189914;2146189824;2146189636;0;0
;2146189919;0;0;0;0
;2146189929;2146189228;0;0;0
;2146189936;2146189824;0;0;0
;2146189939;2146189903;0;0;0
;2146189948;0;0;0;0
;2146189949;0;0;0;0
;2146189971;0;0;0;0
;2146189979;2146189878;2146189887;0;0
;2146189991;2146189988;0;0;0
;2146189993;0;0;0;0
;2146189997;0;0;0;0
;2146190010;0;0;0;0
;2146190023;0;0;0;0
;2146190031;0;0;0;0
;2146190034;0;0;0;0
;2146190037;0;0;0;0
;2146190042;0;0;0;0
;2146190044;0;0;0;0
;2146190077;0;0;0;0
