0;-;>;1
1;SITEWEB;Site web;1
2;PAVILLON;Gestion du pavillon;1
3;BUS;Gestion des bus;1
4;TERRIFICS;;1
5;WEEKENDS;Week-ends;1
6;CAMPS;;1
7;PROGRAM;Elaboration et éditio pgm;1
8;GRPPARE;Groupe parents;1
9;CONNAITRE;Journal Connaître;1
10;FAITIERE;Activité pour la faitière;1
11;FONDCEREB;Fondation Cerebral;1
12;FONDDAM;Fondation Denk an Mich;1
13;FORHANDI;Forum handicap;1
14;VSAS;Etat VS - Action sociale;1
15;VSUAT;Etat VS - Unité accueil temporaire;1
16;VSDES;Etat VS - Dpt enseignement spécialisé;1
17;VSSRD;Etat VS - Services relève;1
18;VSSJ;Etat VS - Service de la Jeunesse;1
19;LOTRO;Loterie Romande;1
20;COMITE;Comité;1
21;COTISAT;Cotisations;1
22;AG;Assemblée générale;1
23;RECFORAC;Recrutement-Formation accompagnants;1
24;LOTO;Lotos;1
25;JOURFAM;Journée des familles;1
26;DOCUM;Centre documentation;1
27;SUIVIEMP;Formation employés;1
28;RELASSO;Relations avec autres association;1
29;RELINST;Relations avec Institutions;1
30;PERMTEL;Permanace et entreriens téléphoniques;1
31;SOUTPAR;Soutiens parents;1
32;INFODEMA;Informations aux divers demandeurs;1
33;COLLOQUE;Colloques et réunions;1
34;PAVIBURE;Suivi contruction pavillon, bureaux;1
35;COMPTA;Suivi comptable;1
36;TRAITEUR;Gestion traiteur, repas;1
37;INTENDANCE;Nettoyage, entretien et conciergerie;1
38;ACCUEIL;Accueuil,contacts et services clients;1
39;SERVRELE;Service relève;1
40;CONTASIS;Contribution assistance;1
41;ECOLE;Ecole;1
42;BUREAU;travaux de bureau;1
43;MANIF;Manifestation, évènements;1
