SITEWEB;Site web
PAVILLON;Gestion du pavillon
BUS;Gestion des bus
TERRIFICS;
WEEKENDS;Week-ends
CAMPS;
PROGRAM;Elaboration et éditio pgm
GRPPARE;Groupe parents
CONNAITRE;Journal Connaître
FAITIERE;Activité pour la faitière
FONDCEREB;Fondation Cerebral
FONDDAM;Fondation Denk an Mich
FORHANDI;Forum handicap
VSAS;Etat VS - Action sociale
VSUAT;Etat VS - Unité accueil temporaire
VSDES;Etat VS - Dpt enseignement spécialisé
VSSRD;Etat VS - Services relève
VSSJ;Etat VS - Service de la Jeunesse
LOTRO;Loterie Romande
COMITE;Comité
COTISAT;Cotisations
AG;Assemblée générale
RECFORAC;Recrutement-Formation accompagnants
LOTO;Lotos
JOURFAM;Journée des familles
DOCUM;Centre documentation
SUIVIEMP;Formation employés
RELASSO;Relations avec autres association
RELINST;Relations avec Institutions
PERMTEL;Permanace et entreriens téléphoniques
SOUTPAR;Soutiens parents
INFODEMA;Informations aux divers demandeurs
COLLOQUE;Colloques et réunions
PAVIBURE;Suivi contruction pavillon, bureaux
COMPTA;Suivi comptable
TRAITEUR;Gestion traiteur, repas
INTENDANCE;Nettoyage, entretien et conciergerie
ACCUEIL;Accueuil,contacts et services clients
SERVRELE;Service relève
CONTASIS;Contribution assistance
ECOLE;Ecole
BUREAU;travaux de bureau
MANIF;Manifestation, évènements
