dispId;tblContact_conId;dispLMatin;dispLSoir;dispLSouper;dispLaMidi;dispLMidi;dispMmatin;dispMMidi;dispMaMidi;dispMSouper;dispMSoir;dispMEmatin;dispMEMidi;dispMEaMidi;dispMESouper;dispMESoir;dispJmatin;dispJMidi;dispJaMidi;dispJSouper;dispJSoir;dispVmatin;dispVMidi;dispVaMidi;dispVSouper;dispVSoir;dispSmatin;dispSMidi;dispSaMidi;dispSSouper;dispSSoir;dispDmatin;dispDMidi;dispDaMidi;dispDSouper;dispDSoir;dispRegion1;dispRegion2;dispRegion3;dispExperiance;dispReference
1;2072341970;0;0;0;0;0;0;0;0;0;0;0;0;0;0;0;0;0;0;0;0;0;0;0;0;0;0;0;0;0;0;0;0;0;0;0;10;0;0;;
2;-554084105;0;0;0;0;0;0;0;0;0;0;0;0;0;0;0;0;0;0;0;0;0;0;0;0;0;0;0;0;0;0;0;0;0;0;0;10;0;0;#NOM?;
3;-1100872493;0;0;0;0;0;0;0;0;0;0;0;0;0;0;0;0;0;0;0;0;0;0;0;0;0;0;0;0;0;0;0;0;0;0;0;8;7;0;participe aux w-e et camps cerebral;
4;1291910802;0;0;0;0;0;0;0;0;0;0;0;0;0;0;0;0;0;0;0;0;0;0;0;0;0;0;0;0;0;0;0;0;0;0;0;8;7;0;participe aux activit???s cerebral;
5;1142412576;0;0;0;0;0;0;0;0;0;0;0;0;0;0;0;0;0;0;0;0;0;0;0;0;0;0;0;0;0;0;0;0;0;0;0;10;9;20;participe aux activit??? Cerebral;
6;1317305611;0;0;0;0;0;0;0;0;0;0;0;0;0;0;0;0;0;0;0;0;0;1;1;1;1;0;0;0;0;0;0;0;0;0;0;5;10;0;pas disponible 1x par mois le vendredi entre 17h-18h participe aux activites cerebral;
7;1924663704;0;0;0;0;0;0;0;0;0;0;0;0;0;0;0;0;0;0;0;0;0;0;0;0;0;0;0;0;0;0;0;0;0;0;0;9;10;0;participe aux activit???s Cerebral;
8;1315811525;0;0;0;0;0;0;0;0;0;0;0;0;0;0;0;0;0;0;0;0;0;0;0;0;0;0;0;0;0;0;0;0;0;0;0;10;9;7;"permis de voiture 
participe aux activit???s Cerebral
dimanche jusqu'??? 20h30";
9;1493190852;0;0;0;0;0;0;0;0;0;0;0;0;0;0;0;0;0;0;0;0;0;0;0;0;0;0;0;0;0;0;0;0;0;0;0;0;0;0;;
10;1314194184;0;0;0;0;0;0;0;1;0;0;0;0;0;0;0;0;0;0;0;0;0;0;0;1;1;1;1;1;1;1;1;1;1;1;1;7;8;0;"participe aux activit???s Cerebral
disponible du 16.11.11 au 16.03.12 et toutes les vacances scolaires";
11;1290764579;0;0;0;0;0;0;0;0;0;0;0;0;0;0;0;0;0;0;0;0;0;0;0;0;0;0;0;0;0;0;0;0;0;0;0;8;7;0;"particiaption aux activit???s Cerebral + Asa stagiaire ??? Cerebral en 2011
permis de conduire";
12;558428742;0;0;0;0;0;0;0;0;0;0;0;0;0;0;0;0;0;0;0;0;0;0;0;0;0;0;0;0;0;0;0;0;0;0;0;7;8;10;participe aux activit???s Cerebral;
13;1229346852;0;0;0;0;0;0;0;0;0;0;0;0;0;0;0;0;0;0;0;0;0;0;0;0;0;0;0;0;0;0;0;0;0;0;0;9;15;16;participe aux activit???s Cerebral;
14;1185283018;0;0;0;1;1;0;0;0;0;0;1;1;1;1;1;1;1;1;1;1;1;0;0;0;0;1;0;0;0;0;1;0;0;0;0;5;10;7;"-participe aux activit???s Cerebral
- permis +voiture pour mettre une cahisse pliable";
15;1283238740;0;0;0;0;0;0;0;0;0;0;0;0;0;0;0;0;0;0;0;0;0;0;0;0;0;0;0;0;0;0;0;0;0;0;0;10;9;0;#NOM?;
16;1272349759;0;0;0;1;1;0;0;0;1;1;0;0;0;1;1;0;0;0;1;1;0;0;0;1;1;1;1;1;1;1;1;1;1;1;1;7;8;10;;
17;402979448;0;0;0;0;0;0;0;0;0;0;0;0;0;0;0;0;0;0;0;0;0;0;0;0;0;0;0;0;0;0;0;0;0;0;0;10;9;0;#NOM?;
18;1831959862;0;0;0;0;0;0;0;0;0;0;0;0;0;0;0;0;0;0;0;0;0;0;0;0;0;0;0;0;0;0;0;0;0;0;0;9;10;0;#NOM?;
19;1265008574;0;0;0;0;0;0;0;0;0;0;0;0;0;0;0;0;0;0;0;0;0;0;0;0;0;0;0;0;0;0;0;0;0;0;0;9;10;0;"-participation aux activit???s Cerebral
- lundi de 15h30 ??? 22h30
- mardi idem
- mercredi de 11h45 ??? 16h30
- jeudi de 15h30 ??? 22h30
vedredi de 15h30 ??? 22h30";
20;1273502716;0;0;0;0;0;0;0;0;0;0;0;0;0;0;0;0;0;0;0;0;0;0;0;1;1;1;1;1;1;1;1;1;1;1;1;7;10;0;"- participation aux activit???s Cerebral
le lundi ??? partir de avril";
21;1322732912;0;0;0;0;0;0;0;0;0;0;0;0;0;0;0;0;0;0;0;0;0;0;0;0;0;0;0;0;0;0;0;0;0;0;0;9;10;0;doit faire 2 W-e avant de faire partie des intervenants;
22;2541;0;0;0;0;0;0;0;0;0;0;0;0;0;0;0;0;0;0;0;0;0;0;0;0;0;0;0;0;0;0;0;0;0;0;0;0;0;0;;
23;1319632834;1;0;0;0;0;0;0;0;0;0;0;0;0;0;0;0;0;0;0;0;0;0;0;0;0;0;0;0;0;0;0;0;0;0;0;10;5;9;???cole d'infirmier ??? fait 2 W-E ??? cerebral;
24;674820052;0;0;0;0;0;0;0;0;0;0;0;0;0;0;0;0;0;0;0;0;0;0;0;0;0;0;0;0;0;0;0;0;0;0;0;10;9;20;;
25;-1042748270;0;0;0;0;0;0;0;0;0;0;1;0;0;0;0;0;0;0;0;0;0;0;0;1;1;1;0;1;0;0;1;0;1;0;0;8;22;7;;
26;-1820907060;0;0;0;0;0;0;0;0;0;0;0;0;0;0;0;0;0;0;0;0;0;0;0;0;0;0;0;0;0;0;0;0;0;0;0;9;10;7;;
27;1316707040;0;0;0;0;0;0;0;0;0;0;0;0;0;0;0;0;0;0;0;0;0;0;0;0;0;0;0;0;0;0;0;0;0;0;0;10;9;7;;
28;1017724288;0;0;0;0;0;0;0;0;0;0;0;0;0;0;0;0;0;0;0;0;0;0;0;0;0;0;0;0;0;0;0;0;0;0;0;10;9;0;;
29;2146188959;0;0;0;0;0;0;0;0;0;0;0;0;0;0;0;0;0;0;0;0;0;0;0;0;0;0;0;0;0;0;0;0;0;0;0;9;10;7;;
30;2780;0;0;0;0;0;0;0;0;0;0;0;0;0;0;0;0;0;0;0;0;0;0;0;0;0;0;0;0;0;0;0;0;0;0;0;10;9;7;;
31;1472015652;0;0;0;0;0;0;0;0;0;0;0;0;0;0;0;0;0;0;0;0;0;0;0;0;0;0;0;0;0;0;0;0;0;0;0;9;10;7;;
32;1231232923;0;0;0;0;0;0;0;0;0;0;0;0;0;0;0;0;0;0;0;0;0;0;0;0;0;1;1;1;1;1;1;1;1;1;1;7;10;8;plusieurs w-e ??? cerebral;
33;1293630950;0;0;0;0;0;0;0;0;0;0;0;0;0;0;0;0;0;0;0;0;0;0;0;0;0;0;0;0;0;0;0;0;0;0;0;10;7;0;;
34;2146188964;0;0;0;0;0;0;0;0;0;0;0;0;0;0;0;0;0;0;0;0;0;0;0;0;0;0;0;0;0;0;0;0;0;0;0;10;9;7;;
35;1300885603;0;0;0;0;0;0;0;0;0;0;0;0;0;0;0;0;0;0;0;0;0;0;0;0;0;0;0;0;0;0;0;0;0;0;0;5;10;7;;
36;2146188936;0;0;0;0;0;0;0;0;0;0;0;0;0;0;0;0;0;0;0;0;0;0;0;0;0;0;0;0;0;0;0;0;0;0;0;10;7;0;;
37;2146189030;1;1;1;1;1;1;1;1;1;1;1;1;1;1;1;1;1;1;1;1;1;1;1;1;1;1;1;1;1;1;1;1;1;1;1;10;9;5;;
38;2146189075;0;0;0;0;0;0;0;0;0;0;0;0;0;0;0;0;0;0;0;0;0;0;0;0;0;0;0;0;0;0;0;0;0;0;0;0;0;0;;
39;2146189068;0;0;0;0;0;0;0;0;0;0;0;0;0;0;0;0;0;0;0;0;0;0;0;0;0;0;0;0;0;0;0;0;0;0;0;10;7;9;;
40;1003999342;0;0;0;0;0;0;0;0;0;0;0;0;0;0;0;0;0;0;0;0;0;0;0;0;0;1;1;1;1;1;1;1;1;1;1;5;10;9;depuis plus de 10 ans accompagnantes;"Elsa Fournier
Aur???lie Ballestraz"
41;1127805523;0;0;0;0;0;0;0;0;0;0;0;0;0;0;0;0;0;0;0;0;0;0;0;0;0;0;0;0;0;0;0;0;0;0;0;10;5;0;;
42;2146189064;0;0;0;0;0;0;0;0;0;0;0;0;0;0;0;0;0;0;0;0;0;0;0;0;0;0;0;0;0;0;0;0;0;0;0;9;10;0;;
43;2146189065;0;0;0;0;0;0;0;0;0;0;0;0;0;0;0;0;0;0;0;0;0;0;0;0;0;0;0;0;0;0;0;0;0;0;0;7;10;10; W-e chez Cerebral plut???t avec une personne avec handicap l???ger;serais assez disponible ??? voir avec elle
44;2146189077;0;0;1;1;1;0;0;1;1;1;0;0;1;1;1;0;0;1;1;1;0;0;1;1;1;0;0;0;0;0;0;0;0;0;0;10;9;7;"plusieurs W-e a  Cerebral 
ainsi qu'a L'ASA";
45;2146189108;0;0;0;0;0;0;0;0;0;0;0;0;0;0;0;0;0;0;0;0;0;0;0;0;0;0;0;0;0;0;0;0;0;0;0;10;9;0;"interventioon avec Elsa Fournier 
pr???f???rence avec :Emilie Monnet, Salima Sartoretti, Samuel Pittier";
46;2146189152;0;0;0;0;0;0;0;0;0;0;0;0;0;0;0;0;0;0;0;0;0;0;0;0;0;0;0;0;0;0;0;0;0;0;0;10;0;0;;
47;1176728538;1;0;0;0;0;0;1;0;0;0;0;0;0;0;0;0;0;0;0;0;0;0;0;0;0;0;0;0;0;0;0;0;0;0;0;10;9;0;Pr???sidente de Cerebral;
48;2146189235;0;0;0;0;0;0;0;0;0;0;0;0;0;0;0;0;0;0;0;0;0;0;0;0;0;0;0;0;0;0;0;0;0;0;0;7;7;7;;
49;2146189314;0;0;0;0;0;0;0;0;0;0;0;0;0;0;0;0;0;0;0;0;0;0;0;0;0;0;0;0;0;0;0;0;0;0;0;9;10;0;;
50;2146189482;1;1;1;0;0;1;1;0;0;0;1;1;0;0;0;1;1;0;0;0;1;1;0;0;0;0;0;0;0;0;0;0;0;0;0;10;7;0;Ardon aussi ok;
51;2146189183;0;0;0;0;0;0;0;0;0;0;0;0;0;0;0;0;0;0;0;0;0;0;0;0;0;0;0;0;0;0;0;0;0;0;0;0;0;0;;
52;2146189434;0;0;0;0;0;0;0;0;0;0;0;0;0;0;0;0;0;0;0;0;0;0;0;0;0;0;0;0;0;0;0;0;0;0;0;10;23;7;;
53;2146189417;1;1;1;1;1;1;1;1;1;1;1;1;1;1;1;1;1;1;1;1;1;1;1;1;1;1;1;1;1;1;1;1;1;1;1;9;10;7;;
54;2146189353;0;0;0;0;0;0;0;0;0;0;0;0;0;0;0;0;0;0;0;0;0;0;0;0;0;0;0;0;0;0;0;0;0;0;0;7;24;21;;
55;2146189290;0;0;0;0;0;0;0;0;0;0;0;0;0;0;0;0;0;0;0;0;0;0;0;0;0;0;0;0;0;0;0;0;0;0;0;10;9;0;;
56;2146189416;0;0;0;0;0;0;0;0;0;0;0;0;0;0;0;0;0;0;0;0;0;0;0;0;0;0;0;0;0;0;0;0;0;0;0;9;10;0;plusieurs w-e et camps ??? Cerebral. Intervenent cez la famille Pittier.;
57;2146189414;0;0;0;0;0;0;0;0;0;1;0;0;0;0;1;0;0;0;0;0;0;0;0;0;0;0;0;0;0;0;0;0;0;0;0;10;5;0;Sur Savi??se aussi ok;
58;2146189415;0;0;0;0;0;0;0;0;0;0;0;0;0;0;0;0;0;0;0;0;0;0;0;0;0;0;0;0;0;0;0;0;0;0;0;8;7;0;Vionnaz aussi ok;
59;2146189409;0;0;0;0;0;0;0;0;0;0;0;0;0;0;0;0;0;0;0;0;0;0;0;0;0;0;0;0;0;0;0;0;0;0;0;7;10;10;;
60;437;0;0;0;0;0;0;0;0;0;0;0;0;0;0;0;0;0;0;0;0;0;0;0;0;0;0;0;0;0;0;0;0;0;0;0;0;0;0;;
61;2146189436;0;0;1;1;1;0;0;0;1;1;1;1;1;1;1;0;0;1;1;1;1;1;1;1;1;0;0;1;1;1;0;0;1;1;1;10;9;5;elle a fait 2 w-e ??? Cerebral intervient surtout pour le service de releve chez la famille , Jaquier, Tecklay.;
62;2146189490;0;0;0;0;0;0;0;0;0;0;0;0;0;0;0;0;0;0;0;0;0;0;0;0;0;0;0;0;0;0;0;0;0;0;0;9;10;5;M???lissa et est disponible selon son programme ???cole. Elle donnera ses horraires en septembre. D'ici l??? elle peut intervenir reguli??rement en journ???e et soir???e;"taux travail souhait??? ?
Actuellement"
63;2146189325;0;0;0;0;0;0;0;0;0;0;0;0;0;0;0;0;0;0;0;0;0;0;0;0;0;0;0;0;0;0;0;0;0;0;0;9;10;5;plusieurs w-e ??? Cerebral. Ne travail pas pour l'instant. Donc libre ??? tout moments pour le service de rel??ve;
64;2146189714;1;1;1;1;1;1;1;1;1;1;1;1;1;1;1;1;1;1;1;1;1;1;1;1;1;1;1;1;1;1;1;1;1;1;1;10;7;5;intervenante pour le service ??? domicile depuis 1 an. Ne travail pas donc disponible pourle service de rel??ve. Au b???n???fice d' un CFC ASE;
65;2146189402;1;1;1;1;1;1;1;1;1;1;1;1;1;1;1;1;1;1;1;1;1;1;1;1;1;1;1;1;1;1;1;1;1;1;1;9;10;0;aussi Gr???ne, Chalais, R???chy, Granges;
66;2146189281;1;1;1;1;1;1;1;1;1;1;1;1;1;1;1;1;1;1;1;1;1;1;1;1;1;1;1;1;1;1;1;1;1;1;1;10;9;5;;
67;2146189072;1;0;0;0;0;1;1;1;1;1;0;0;0;0;0;0;0;0;0;0;0;0;0;0;0;0;0;0;0;0;0;0;0;0;0;7;8;10;"stagiaire Cerebral 
disponible sur appel";
68;2146189170;0;0;0;0;0;0;0;0;0;0;0;0;0;0;0;0;0;0;0;0;0;0;0;0;0;0;0;0;0;0;0;0;0;0;0;7;8;0;;
69;1175668750;0;0;0;0;0;0;0;0;0;0;0;0;0;0;0;0;0;0;0;0;0;0;0;0;0;0;0;0;0;0;0;0;0;0;0;0;0;0;;
70;2146189505;0;0;0;0;0;0;0;0;0;0;0;0;0;0;0;0;0;0;0;0;0;0;0;0;0;0;0;0;0;0;0;0;0;0;0;10;7;9;;
71;2146189495;0;0;0;0;0;1;1;1;1;1;0;0;0;0;0;0;0;0;0;0;0;0;0;0;0;0;0;0;0;0;0;0;0;0;0;9;10;0;;
72;2146189304;1;1;1;1;1;0;0;0;0;0;0;0;0;0;0;0;0;1;1;1;1;1;1;1;1;1;1;1;1;1;1;1;1;1;1;10;7;8;w-e ??? Cerebral;
73;2146189105;0;0;0;0;0;0;0;0;0;0;0;0;0;0;0;0;0;0;0;0;0;0;0;0;0;0;0;0;0;0;0;0;0;0;0;7;8;10;Stagiaire ??? Cerebral  2013;
74;2146189399;0;0;0;0;0;0;0;0;0;0;0;0;0;0;0;0;0;0;0;0;0;0;0;0;0;0;0;0;0;0;0;0;0;0;0;10;5;0;w-e ??? Cerebral;
75;2146189520;0;0;0;0;0;0;0;0;0;0;0;0;0;0;0;0;0;0;0;0;0;0;0;0;0;0;0;0;0;0;0;0;0;0;0;10;0;0;;
76;2146189506;0;0;0;0;0;0;0;0;0;0;0;0;0;0;0;0;0;0;0;0;0;0;0;0;0;0;0;0;0;0;0;0;0;0;0;0;0;0;;
77;2146189431;0;0;0;0;0;0;0;0;0;0;0;0;0;0;0;0;0;0;0;0;0;0;0;0;0;0;0;0;0;0;0;0;0;0;0;0;0;0;;
78;2146189284;0;0;0;1;0;0;0;0;0;0;0;0;0;0;0;0;0;0;1;0;0;0;0;1;0;1;0;0;0;0;1;1;1;1;1;10;9;7;;
79;2146189526;1;1;1;1;1;0;0;0;0;0;0;0;0;0;0;1;1;1;1;1;0;0;0;0;0;0;0;0;0;0;1;1;1;1;1;10;7;9;;
80;2146189265;0;0;0;0;0;0;0;0;0;0;0;0;0;0;0;0;0;0;0;0;0;0;0;0;0;0;0;0;0;0;0;0;0;0;0;19;7;0;;
81;2146189527;1;1;1;1;1;1;1;1;1;1;1;1;1;1;1;1;1;1;1;1;1;1;1;1;1;1;1;1;1;1;1;1;1;1;1;7;10;0;;
82;2146189540;0;0;0;0;0;0;0;0;0;0;0;0;0;0;0;0;0;0;0;0;0;0;0;0;0;0;0;0;0;0;0;0;0;0;0;7;10;0;jusqu'??? fin janvier 2015, pas de disponibilit???s fixes;
83;2146189546;0;0;0;1;1;0;0;0;1;1;0;0;0;1;1;0;0;0;1;1;0;0;0;1;1;0;0;0;1;1;0;0;0;1;1;10;7;0;;
84;2146189561;0;0;0;1;1;0;0;0;1;1;0;0;0;1;1;1;1;1;1;1;1;1;1;1;1;1;1;1;1;1;1;1;1;1;1;7;10;9;;
85;2146189566;1;0;0;0;0;1;0;0;0;0;1;0;0;0;0;1;0;0;0;0;1;1;1;1;1;0;0;1;0;0;0;0;1;0;0;10;0;0;;
86;2146189406;0;0;0;0;0;0;0;0;0;0;0;0;0;0;0;0;0;0;0;0;0;0;0;0;0;0;0;0;0;0;0;0;0;0;0;9;10;0;;
87;2146189479;0;0;0;0;0;0;0;0;0;0;0;0;0;0;0;0;0;0;0;0;0;0;0;0;0;0;0;0;0;0;0;0;0;0;0;9;0;0;;
88;2146189602;0;0;0;0;0;0;0;0;0;0;0;0;0;0;0;0;0;0;0;0;0;0;0;0;0;0;0;0;0;0;0;0;0;0;0;10;9;7;;
89;2146189636;1;1;1;1;1;1;1;1;1;1;1;1;1;1;1;0;0;0;0;0;1;1;1;1;1;1;1;1;1;1;1;1;1;1;1;10;9;7;exp???rience avec les enfants autistes notamment. Fomation croix-rouge;
90;2146189654;1;1;1;1;1;1;1;1;1;1;1;1;1;1;1;1;1;1;1;1;1;1;1;1;1;1;1;1;1;1;1;1;1;1;1;14;7;10;;
91;2146189091;1;1;1;1;1;1;1;1;1;1;1;1;1;1;1;1;1;1;1;1;1;1;1;1;1;1;1;1;1;1;1;1;1;1;1;7;10;0;habite ??? Riddes;
92;-1443746481;0;0;0;0;0;0;0;0;0;0;0;0;0;0;0;0;0;0;0;0;0;0;0;0;0;1;1;1;1;1;1;1;1;1;1;9;10;8;Plusieurs week-end et camp avec l'Association. Satge ??? la Fovahm. CFF d'ASE, derni??re ann???e HES ASC;Disponible pour tout type de rel??ve (soin, accompagnement, etc.)
93;2146189181;1;1;1;1;1;1;1;1;1;1;1;1;1;1;1;1;1;1;1;1;1;1;1;1;1;1;1;1;1;1;1;1;1;1;1;10;7;10;;
94;-509124961;1;1;1;1;1;1;1;1;1;1;1;1;1;1;1;1;1;1;1;1;1;1;1;1;1;1;1;1;1;1;1;1;1;1;1;5;10;9;;
95;2146189674;1;1;1;1;1;1;1;1;1;1;1;1;1;1;1;1;1;1;1;1;1;1;1;1;1;1;1;1;1;1;1;1;1;1;1;9;10;0;;
96;2146189134;1;1;1;1;1;1;1;1;1;1;1;1;1;1;1;1;1;1;1;1;1;1;1;1;1;1;1;1;1;1;1;1;1;1;1;5;9;9;;
97;2146189606;1;1;1;1;1;1;1;1;1;1;1;1;1;1;1;1;1;1;1;1;1;1;1;1;1;1;1;1;1;1;1;1;1;1;1;9;10;0;;
98;2146189608;0;0;0;0;0;0;0;0;0;0;0;0;0;0;0;0;0;0;0;0;0;0;0;0;0;0;0;0;0;0;0;0;0;0;0;0;0;0;;
99;2146189190;1;1;1;1;1;1;1;1;1;1;1;1;1;1;1;1;1;1;1;1;1;1;1;1;1;1;1;1;1;1;1;1;1;1;1;10;5;9;;
100;2146189264;0;0;0;0;0;0;0;0;0;0;0;0;1;0;0;0;0;0;0;0;1;1;1;0;0;0;0;1;0;0;0;0;0;0;0;14;7;0;;
101;2146189645;1;1;1;1;1;1;1;1;1;1;1;1;1;1;1;1;1;1;1;1;1;1;1;1;1;1;1;1;1;1;1;1;1;1;1;6;10;5;;
102;2146189700;1;1;1;1;1;1;1;1;1;1;1;1;0;0;0;1;1;1;1;1;1;1;1;1;1;0;0;0;0;0;0;0;0;0;0;7;10;9;;
103;2146189616;0;0;0;0;1;0;0;0;0;1;1;1;1;1;1;0;0;0;1;1;0;0;0;0;0;0;0;1;1;0;0;0;1;1;1;10;9;7;accompagnement de personnes autistes, soins de base.;
104;2146189370;0;0;0;0;0;0;0;0;0;0;0;0;0;0;0;0;0;0;0;0;0;0;0;0;0;0;0;0;0;0;0;0;0;0;0;1;0;0;;
105;2146189725;1;1;1;1;1;1;1;1;1;1;1;1;1;1;1;1;1;1;1;1;1;1;1;1;1;1;1;1;1;1;1;1;1;1;1;4;10;0;;
106;1512;1;;;;;1;;;;;;;;;;;;;;;;;;;;;;;;;;;;;;9;10;3;;
107;2146189663;1;0;0;0;0;1;0;0;0;0;1;0;0;0;0;1;0;0;0;0;1;0;0;0;0;1;0;0;0;0;1;0;0;0;0;9;0;0;;
108;2146189747;1;1;1;1;1;1;1;0;0;0;0;0;0;1;1;0;0;0;0;0;0;0;0;0;0;0;0;0;0;0;1;1;1;1;1;0;0;0;;
109;2146189607;0;0;1;1;1;0;0;1;1;1;0;0;1;1;1;0;0;1;1;1;0;0;1;1;1;0;0;1;1;1;0;0;1;1;1;3;7;10;stage cerebral valais. entr???e apprentissage en 2017;
110;2146189695;0;0;0;0;0;0;0;0;0;0;0;0;0;0;0;0;0;0;0;0;0;0;0;0;0;0;0;0;0;0;0;0;0;0;0;7;7;0;;
111;2146189790;1;1;1;1;1;1;1;1;1;1;1;1;1;1;1;1;1;1;1;1;1;1;1;1;1;1;1;1;1;1;1;1;1;1;1;10;9;0;;
112;674040117;0;0;0;0;0;0;0;0;0;0;0;0;0;0;0;0;0;0;0;0;0;0;0;0;0;1;1;1;1;0;0;0;0;0;0;3;0;0;;
113;2146189539;0;0;0;0;0;0;0;0;0;0;1;1;1;1;1;0;0;0;0;0;0;0;0;0;0;0;0;0;0;0;0;0;0;0;0;3;0;0;;
114;2146189824;1;1;1;1;1;1;1;1;1;1;1;1;1;1;1;1;1;1;1;1;1;1;1;1;1;0;0;0;0;0;0;0;0;0;0;10;9;7;;
115;2146189823;1;1;1;0;0;1;1;1;1;1;1;1;1;1;1;1;1;1;1;1;1;1;1;1;1;1;1;1;1;1;1;1;1;1;1;9;10;7;;
116;2146189822;0;0;1;0;0;0;0;0;0;0;0;0;0;0;0;1;0;0;0;0;0;0;0;0;0;0;0;0;0;0;0;0;0;0;0;10;9;0;;
117;2146189851;0;0;0;0;0;0;0;0;0;0;0;0;0;0;0;0;0;0;0;0;0;0;0;0;0;0;0;0;0;0;0;0;0;0;0;3;5;0;;
118;2146189878;0;0;0;0;0;0;0;0;0;0;0;0;0;0;0;0;0;0;0;0;0;0;0;0;0;0;0;0;0;0;0;0;0;0;0;8;7;0;;
119;2146189902;0;0;0;0;0;0;0;0;0;0;0;0;0;0;0;0;0;0;0;0;0;0;0;0;0;0;0;0;0;0;0;0;0;0;0;8;7;0;;
120;2146189903;1;1;1;1;1;1;1;1;1;1;1;1;1;1;1;1;1;1;1;1;1;1;1;1;1;0;0;0;0;0;0;0;0;0;0;8;7;10;;
121;2146189907;0;0;0;0;0;0;0;0;0;0;0;0;0;0;0;1;1;1;1;1;0;0;0;0;0;0;0;0;0;0;0;0;0;0;0;9;10;7;;
122;2146189463;0;0;0;0;0;0;0;0;0;0;0;0;0;0;0;0;0;0;0;0;0;0;0;0;0;0;0;0;0;0;0;0;0;0;0;9;10;5;;
123;2146189969;1;1;1;1;1;1;1;1;1;1;0;0;0;0;0;1;1;1;1;1;1;1;1;1;1;1;1;1;1;1;1;1;1;1;1;6;10;9;;
124;2548;0;0;0;0;0;0;0;0;0;0;0;0;0;0;0;0;0;0;0;0;0;0;0;0;0;0;0;0;0;0;0;0;0;0;0;10;0;0;;
125;2146189983;1;1;1;1;1;0;0;0;0;0;1;1;1;1;1;0;0;0;0;0;1;1;1;1;1;0;0;0;0;0;0;0;0;0;0;0;0;0;;
126;1254410758;0;0;0;0;0;0;0;0;0;0;0;0;0;0;0;1;1;1;1;1;1;1;1;1;1;0;0;0;0;0;0;0;0;0;0;5;10;7;;
127;-1037254229;1;1;1;1;1;;;;;;;;;;;1;1;1;1;1;1;1;1;1;1;1;1;1;1;1;1;1;1;1;;10;9;0;;
128;2146190056;0;0;0;1;1;0;0;0;1;1;0;0;0;1;1;0;0;0;1;1;0;0;0;1;1;0;0;0;0;0;0;0;0;0;0;17;0;0;d??s 17h00 principalement;
129;;;;;;;;;;;;;;;;;;;;;;;;;;;;;;;;;;;;;4;6;7;;
130;;;;;;;;;;;;;;;;;;;;;;;;;;;;;;;;;;;;;2;5;5;;
131;;;;;;;;;;;;;;;;;;;;;;;;;;;;;;;;;;;;;2;5;5;;
132;;;;;;;;;;;;;;;;;;;;;;;;;;;;;;;;;;;;;2;5;5;;
133;;;;;;;;;;;;;;;;;;;;;;;;;;;;;;;;;;;;;2;5;5;;
134;219;;;;;;;;;;;;;;;;;;;;;;;;;;;;;;;;;;;;2;7;12;;
135;2146189461;;;;;;;;;;;;;;;;;;;;;;;;;;;;;;;;;;;;16;3;3;;
136;2146189846;;;;;;;;;;;;;;;;;;1;;;;1;1;;;;;;;;;;;;;3;1;1;;
