page,code,texte français,Deutscher Text,
page,code,activités,aktivitäten,
accueil/accueil.php,,administration,verwaltung,
accueil/accueil.php,,bonjour et bienvenue,guten tag und willkommen,
accueil/accueil.php,,contacts,ansprechpartner,
accueil/accueil.php,,déconnexion,abmeldung,
accueil/accueil.php,,liberty,freiheit,
accueil/accueil.php,,releve,bemerkung,
accueil/accueil.php,,temps de travail,arbeitszeit,
accueil/accueil.php,,traductions,Übersetzungen,
activite/activite.php,,listes des activités année,aktivitäten listen des jahr,
activite/activite.php,,nouvelle activité,neue aktivität,
activite/ajoutactivite.php,,ajout participant,teilnehmer hinzufügen,
activite/feuilleroute.php,,départ,abreise,
activite/feuilleroute.php,,modifier l'aller,Änderung der hinreise,
activite/feuilleroute.php,,modifier le retour,Änderung der rückreise,
activite/modifactivite.php,,allemand,deutsch,
activite/modifactivite.php,,autres,andere,
activite/modifactivite.php,,camp,lager,
activite/modifactivite.php,,code ofas,bsv code  ,
activite/modifactivite.php,,critères d'attribution,merkmale,
activite/modifactivite.php,,date de début,startdatum,
activite/modifactivite.php,,formation continue,fortbildung,
activite/modifactivite.php,,français,französisch,
activite/modifactivite.php,,langue,sprache,
activite/modifactivite.php,,loisirs et sport,freizeit und sport,
activite/modifactivite.php,,modification activité,Änderung der aktivität,
activite/modifactivite.php,,modification participants,Änderung der teilnehmer,
activite/modifactivite.php,,modifier la photo,foto bearbeiten,
activite/modifactivite.php,,nom de l'activité,name der aktivität,
activite/modifactivite.php,,photo,foto,
activite/modifactivite.php,,réadaptation,rehabilitation,
activite/modifactivite.php,,supprimer l'activité,löschen der aktivität,
activite/modifactivite.php,,type d'activité,art der aktivität,
activite/modifactivite.php,,type de cours,art des kurses,
activite/modifactivite.php,,week-end,wochenende,
activite/modifparticipant.php,,accompagnants,begleitpersonen,
activite/modifparticipant.php,,infos générales de l'activité,allgemeine informationen zur aktivität,
activite/modifparticipant.php,,liste des participants,liste der teilnehmer,
activite/modifparticipant.php,,modifier les détails de l'activité,aktivitätsdetails ändern,
activite/modifparticipant.php,,participants,teilnehmer,
activite/modifparticipant.php,,retour à l'activité,zurück zur aktivität,
activite/participants.php,,description de l'activité,beschreibung der aktivität,
activite/participants.php,,doublure(s),zweite besetzung,?
activite/participants.php,,feuille de route,fahrplan,
activite/participants.php,,fiche de l'activité,aktivitäts-blatt,
activite/participants.php,,liste adressage participants,teilnehmer-mailingliste,
activite/participants.php,,mars,märz,
activite/participants.php,,modifier l'activité,aktivität ändern,
activite/participants.php,,modifier la liste des participants,teilnehmerliste bearbeiten,
activite/participants.php,,participant,teilnehmer,
activite/participants.php,,retour aux activités,zurück zu aktivitäten,
activite/participants.php,,thème,thema,
activite/print.php,,aller,gehe zu,
activite/print.php,,amicalement,freundlich,
activite/print.php,,chauffeur,fahrer,
activite/print.php,,doublure(s),zweite besetzung,
activite/print.php,,du,von,
activite/print.php,,rendez-vous,termin,
activite/print.php,,sion, le sitten,
administration/administration.php,,autorisations,berechtigungen,
administration/administration.php,,dossiers,dossiers,
administration/administration.php,,liste des marqueurs,liste der markierungen,
administration/administration.php,,pages autor,autor-seiten,
administration/administration.php,,pages autorisation,autorisierungs-seiten,
administration/administration.php,,utilisateurs,benutzer,
administration/ajoututilisateur.php,,admin,verwaltung,
administration/ajoututilisateur.php,,aide de bureau,desktop-hilfe,
administration/ajoututilisateur.php,,animateur/animatrice,animator,?
administration/ajoututilisateur.php,,concierge,hauswart,
administration/ajoututilisateur.php,,confirmation du mot de passe,passwort-bestätigung,
administration/ajoututilisateur.php,,gei,gei,
administration/ajoututilisateur.php,,haut-valais,oberwallis,
administration/ajoututilisateur.php,,infirmière,pflegefachperson,
administration/ajoututilisateur.php,,les champs avec une * sont obligatoires,felder mit einem * sind pflichtfelder.,
administration/ajoututilisateur.php,,les mots de passe sont différents,die passwörter sind unterschiedlich,
administration/ajoututilisateur.php,,mot de passe,passwort,
administration/ajoututilisateur.php,,secrétaire,sekretärin,
administration/ajoututilisateur.php,,secrétaire comptable,sekretärin buchhalterin,
administration/ajoututilisateur.php,,stagiaire,praktikant,
administration/autorisation.php,,liste des autorisations,berechtigungsliste,
administration/autorisation.php,,nom autor,name autor,
administration/autorisation.php,,nom autorisation,name autorisierung,
administration/charges.php,,code,code,
administration/charges.php,,liste des centres de charges,liste der lastzentren,?
administration/detutilisateur.php,,coordonnées de l'utilisateur,kontaktdaten des benutzers,
administration/detutilisateur.php,,direction,wegbeschreibung,
administration/detutilisateur.php,,Éducateur / Éducatrice,pädagoge,
administration/detutilisateur.php,,fonction,funktion,
administration/detutilisateur.php,,modifier l'utilisateur,benutzer wechseln,
administration/detutilisateur.php,,retour à la liste des utilisateurs,zurück zur liste der benutzer,
administration/detutilisateur.php,,supprimer l'utilisateur,benutzer löschen,
administration/detutilisateur.php,,taux d'activité,teilnahme-quote,
administration/dossier.php,,-,-,
administration/dossier.php,,3000 exploitation de l'association,3000 funktionsweise der vereinigung,
administration/dossier.php,,3112 week-end,3112 wochenende,
administration/dossier.php,,3122 cours,3122 kurse,
administration/dossier.php,,3202 service de relève,3202 betreuungsdienst,
administration/dossier.php,,3305 bâtiment,3305 gebäude,
administration/dossier.php,,3312 traiteur,3312 verpflegung,
administration/dossier.php,,3321 bus,3321 bus,
administration/dossier.php,,accueil,startseite,
administration/dossier.php,,accueil groupes ou renseignements,gruppen oder informationen,
administration/dossier.php,,activité pour la faitière,aktivität für den kamm,?
administration/dossier.php,,ag,ag,
administration/dossier.php,,ajouter un dossier,einen ordner hinzufügen,
administration/dossier.php,,assemblée générale,generalversammlung,
administration/dossier.php,,attention aux doublons,vorsicht vor doppelspurigkeit,
administration/dossier.php,,bureau,bÜro,
administration/dossier.php,,bus,bus,
administration/dossier.php,,centre de charges,lastzentrum,?
administration/dossier.php,,centre documentation,dokumentationszentrum,
administration/dossier.php,,code compta,konto-code,
administration/dossier.php,,colloque,kolloquium,
administration/dossier.php,,colloques et réunions,symposien und tagungen,
administration/dossier.php,,compta,berechnung,
administration/dossier.php,,connaitre,wissen,
administration/dossier.php,,contasis,kontakt,
administration/dossier.php,,cotisat,cotisat,
administration/dossier.php,,cotisations,beiträge,
administration/dossier.php,,description,beschreibung,
administration/dossier.php,,docum,dokument,
administration/dossier.php,,elaboration et éditio pgm,ausarbeitung und editio pgm,
administration/dossier.php,,etat vs - action sociale,staat vs - dienststelle für sozialwesen,
administration/dossier.php,,etat vs - dpt enseignement spécialisé,staat vs - amt für sonderschulwesen,
administration/dossier.php,,etat vs - service de la jeunesse,staat vs - dienststelle für die jugend,
administration/dossier.php,,etat vs - services relève familles subventionnées,staat vs - entlastungsdienst für subventionierte familien,?
administration/dossier.php,,etat vs - unité accueil temporaire,staat vs - temporäre aufnahmeeinheit,?
administration/dossier.php,,faitiere,faitiere,?
administration/dossier.php,,fondation cerebral,stiftung cerebral,
administration/dossier.php,,fondation denk an mich,stiftung denk an mich,
administration/dossier.php,,fondcereb,fondcereb,
administration/dossier.php,,fonddam,fonddam,
administration/dossier.php,,forhandi,forhandi,
administration/dossier.php,,formation employés,ausbildung der mitarbeiter,
administration/dossier.php,,forum handicap,behinderten-forum,
administration/dossier.php,,gestion des bus,busverwaltung,
administration/dossier.php,,gestion des pavillons,verwaltung des pavillons,
administration/dossier.php,,gestion traiteur,verpflegung,
administration/dossier.php,,groupe parents,Übergeordnete gruppe,
administration/dossier.php,,grppare,grppare,
administration/dossier.php,,infodema,infodema,
administration/dossier.php,,informations aux divers demandeurs,informationen für verschiedene antragsteller,
administration/dossier.php,,intendance cerebral,brain stewardship,
administration/dossier.php,,intendance groupes,gruppen-stewardship,
administration/dossier.php,,jourfam,jourfam,
administration/dossier.php,,journal connaître,zeitschrift connaître,
administration/dossier.php,,journée des familles,familientag,
administration/dossier.php,,liste des dossiers,datei-liste,
administration/dossier.php,,loterie romande,lotterie romande,
administration/dossier.php,,loto,loto,
administration/dossier.php,,lotos,lotos,
administration/dossier.php,,lotro,lotro,
administration/dossier.php,,mandat pour procap,mandat für procap,
administration/dossier.php,,manif,manif,
administration/dossier.php,,manifestation, veranstaltungen,
administration/dossier.php,,mda,mda,
administration/dossier.php,,nettoyage,reinigung,
1,2,entretien et conciergerie,instandhaltung und hausmeisterdienste,
administration/dossier.php,,pavibure,pavibure,
administration/dossier.php,,pavillons,pavillons,
administration/dossier.php,,permanace et entreriens téléphoniques,daueraufenthalt und telefonnummern,?
administration/dossier.php,,permtel,permtel,
administration/dossier.php,,procap,procap,
administration/dossier.php,,program,programm,
administration/dossier.php,,recforac,recforac,
administration/dossier.php,,recrutement-formation accompagnants,rekrutierung und ausbildung von begleitpersonen,
administration/dossier.php,,relasso,relasso,
administration/dossier.php,,relations avec autres association,beziehungen zu anderen vereinigungen,
administration/dossier.php,,relations avec institutions,beziehungen zu institutionen,
administration/dossier.php,,relinst,relinst,
administration/dossier.php,,service relève - familles non subventionnée,betreuungsdienst - nicht subventionierte familien,
administration/dossier.php,,servrele,servrele,
administration/dossier.php,,site web,website,
administration/dossier.php,,siteweb,website,
administration/dossier.php,,soutiens parents,elterliche unterstützung,
administration/dossier.php,,soutpar,soutpar,
administration/dossier.php,,suivi comptable,buchhaltungs-follow-up,
administration/dossier.php,,suivi contruction pavillon,weiterverfolgung des baus des pavillons und der büros,
administration/dossier.php,,suivi mda,mda-verfolgung,
administration/dossier.php,,suiviemp,follow-up,
administration/dossier.php,,traiteur cerebral,brain catering,
administration/dossier.php,,traiteur groupes,gruppenbestimmung,
administration/dossier.php,,travaux de bureau,büroarbeit,
administration/dossier.php,,vsas,vsas,
administration/dossier.php,,vsdes,vsdes,
administration/dossier.php,,vssj,vssj,
administration/dossier.php,,vssrd,vssrd,
administration/dossier.php,,vsuat,vsuat,
administration/dossier.php,,weekends,wochenende,
administration/marqueur.php,,employés,mitarbeiter,
administration/marqueur.php,,liste des marqueurs utilisés,liste der verwendeten marker,
administration/marqueur.php,,marqueurs,markierungen,
administration/modifutilisateur.php,,contact associé,zugehöriger kontakt,
administration/modifutilisateur.php,,les mots des passe sont différents,die passwörter sind unterschiedlich,
administration/suputilisateur.php,,veuillez confirmer la suppression de l'utilisateur,bitte bestätigen sie die löschung des benutzers,
administration/tradexport.php,,changer,ändern,
administration/tradexport.php,,tout,alle,
administration/tradexport.php,,traduction manquantes,fehlende Übersetzungen,
administration/tradimport.php,,selectionner fichier excel,excel-datei auswählen,
administration/traductions.php,,export,exportieren,
administration/traductions.php,,gestion des traductions,Übersetzung,
administration/traductions.php,,import,importieren,
administration/traductions.php,,nombre de mots dans chaque langue,anzahl der wörter in jeder sprache,
administration/traductions.php,,page,seite,
administration/traductions.php,,sauvegarder,speichern,
administration/traductions.php,,source texte,quelltext,
administration/traductions.php,,traduction,Übersetzung,
administration/traductions.php,,traductions libellés,Übersetzungen wordings,
administration/traductions.php,,traductions textes,text-Übersetzungen,
administration/traductionsxldet.php,,edition des traductions,bearbeitung von Übersetzungen,
administration/traductionsxldet.php,,sélectionner,wählen sie,
administration/traductionsxldet.php,,veuillez confirmez la suppression,bitte bestätigen sie die löschung,
administration/utilisateur.php,,ajouter un utilisateur,einen benutzer hinzufügen,
administration/utilisateur.php,,autorisation,autorisierung,
administration/utilisateur.php,,liste des utilisateurs,benutzer-liste,
adresse/ajax.contactfiltre.php,,exporter (pdf),exportieren (pdf),
adresse/ajax.contactfiltre.php,,exporter (csv),exportieren (csv),
adresse/ajax.contactfiltre.php,,marqueur,markierung,
adresse/ajax.contactfiltre.php,,nombre de contacts trouvés,anzahl der gefundenen kontakte,
adresse/ajax.contactfiltre.php,,tél. 2,tel. 2,
adresse/ajax.contactfiltre.php,,tél. 3,tel. 3,
adresse/ajax.contactfiltre.php,,tél. 4,tel. 4,
adresse/ajoutcontact.php,,ajout d'un contact,einen kontakt hinzufügen,
adresse/ajoutcontact.php,,brig,brig,
adresse/ajoutcontact.php,,conches,goms,
adresse/ajoutcontact.php,,conthey,conthey,
adresse/ajoutcontact.php,,entremont,entremont,
adresse/ajoutcontact.php,,espagnole,spanisch,
adresse/ajoutcontact.php,,française,französisch,
adresse/ajoutcontact.php,,hérens,hérens,
adresse/ajoutcontact.php,,hors canton,ausserkantonal,
adresse/ajoutcontact.php,,italienne,italienisch,
adresse/ajoutcontact.php,,loèche,leuk,
adresse/ajoutcontact.php,,marocaine,marokkanisch,
adresse/ajoutcontact.php,,martigny,martinach,
adresse/ajoutcontact.php,,portugaise,portugiesisch,
adresse/ajoutcontact.php,,rarogne,raron,
adresse/ajoutcontact.php,,saint-maurice,saint-maurice,
adresse/ajoutcontact.php,,sierre,sierre,
adresse/ajoutcontact.php,,suisse,schweiz,
adresse/ajoutcontact.php,,turque,türkisch,
adresse/ajoutcontact.php,,viège,visp,
adresse/contact.php,,acc,zugang,
adresse/contact.php,,accompagnant,begleiterin oder begleiter,
adresse/contact.php,,ajouter un contact,einen kontakt hinzufügen,
adresse/contact.php,,bénéficiaire,begünstigter,
adresse/contact.php,,dernière modif.,zuletzt geändert.,
adresse/contact.php,,détail,einzelheiten,
adresse/contact.php,,export des dons,export von spenden,
adresse/contact.php,,filtre recherche avancée,erweiterte suche filter,
adresse/contact.php,,filtre recherche marquage manuel,suchfilter für manuelle markierung,
adresse/contact.php,,int,int,
adresse/contact.php,,intervenant,betreuer,
adresse/contact.php,,liste des adresses,liste der adressen,
adresse/contact.php,,localité,ort,
adresse/contact.php,,npa,plz,
adresse/contact.php,,psh,psh,
adresse/contact.php,,rechercher..,suchen...,
adresse/contact.php,,réinitialiser,zurücksetzen,
adresse/contact.php,,tél. 1,tel. 1,
adresse/contact.php,,total,gesamt,
adresse/contrat.php,,date de fin,enddatum,
adresse/contrat.php,,date du début,startdatum,
adresse/contrat.php,,liste des contrats intervenant avec,liste der verträge mit,
adresse/contrat.php,,signé le,unterzeichnet am,
adresse/contratacc.php,,accompagnant (e),begleiterin oder begleiter,
adresse/contratacc.php,,ajouter,hinzufügen,
adresse/contratacc.php,,annee,jahr,
adresse/contratacc.php,,contrat signé le,vertrag unterzeichnet am,
adresse/contratacc.php,,cuisinier (ère),koch,
adresse/contratacc.php,,imprimer,drucken,
adresse/contratacc.php,,infirmier (ère),pflegefachperson,
adresse/contratacc.php,,jour,tag,
adresse/contratacc.php,,liste des contrats accompagnant signés pour,liste der begleitenden verträge unterzeichnet für,
adresse/contratacc.php,,salaire brut,bruttogehalt,
adresse/contratacc.php,,salaire chauffeur,gehalt fahrer,
adresse/contratacc.php,,type de contrat,art des vertrags,
adresse/contratprint.php,,intervenant (e) - année,betreuer - jahr,
1,2,prénom,vorname,
1,2,nom,nachname,
adresse/contratprint.php,,prénom & nom,vorname und nachname,
adresse/contratprintacc.php,,compte iban,iban-konto,
adresse/contratprintacc.php,,contrat de travail,tarifvertrag,
adresse/contratprintacc.php,,coordonnées bancaires (nom et lieu),bankverbindung (name und ort),
adresse/contratprintacc.php,,entre,zwischen,
adresse/contratprintacc.php,,et,und,
adresse/contratprintacc.php,,l'association cerebral valais,die vereinigung cerebral wallis,
adresse/contratprintacc.php,,l'employé(e),der arbeitnehmer,
adresse/contratprintacc.php,,lieu d'origine / nationalité,herkunftsort/nationalität,
adresse/contratprintacc.php,,lieu et date,ort und datum,
adresse/contratprintacc.php,,n° avs,ahv-nr.,
adresse/contratprintacc.php,,pour l' employé(e),für den arbeitnehmer,
adresse/contratprintacc.php,,pour l’association cerebral valais,für die vereinigung cerebral wallis,
adresse/contratprintacc.php,,prénom / nom,vorname / nachname,
adresse/contratprintacc.php,,signature,unterschrift,
adresse/contratprintacc.php,,tél,tel,
adresse/cotisation.php,,action camps d'été,aktion sommerlager,
adresse/cotisation.php,,action de noël,weihnachts-aktion,
adresse/cotisation.php,,autres dons, divers, spontané,andere geschenke, verschiedenes, spontaneität,
adresse/cotisation.php,,collectif,kollektiv,
adresse/cotisation.php,,commentaire,kommentar,
adresse/cotisation.php,,cotisation,mitgliedsbeitrag,
adresse/cotisation.php,,date,datum,
adresse/cotisation.php,,don,spende,
adresse/cotisation.php,,dons issus du journal connaître,spenden von der zeitung connaître,
adresse/cotisation.php,,dons pour la fondation liberty,spenden an die liberty foundation,
adresse/cotisation.php,,dons suite à un deuil,trauerspenden,
adresse/cotisation.php,,genre,wie,
adresse/cotisation.php,,intéressé,interessiert,
adresse/cotisation.php,,montant,betrag,
adresse/cotisation.php,,non,nein,
adresse/cotisation.php,,passif,verbindlichkeiten,
adresse/cotisation.php,,remercié le,verdankt am,?
adresse/cotisation.php,,retour au contact,zurück zu kontakt,
adresse/cotisation.php,,services de relève,entlastungsdienst,
adresse/cotisation.php,,source,quelle,
adresse/cotisation.php,,soutiens,total der unterstützungen,?
adresse/cotisation.php,,total des contributions,beiträge insgesamt,
adresse/cotisation.php,,tutelle,beistand,
adresse/cotisation.php,,unité accueil temporaire,temporäre aufnahmeeinheit,?
adresse/cotisation.php,,versement,zahlung,
adresse/detcontact.php,,abonnement,abonnement,
adresse/detcontact.php,,accompagnant chauffeur,begleitender fahrer,
adresse/detcontact.php,,actif,aktiv,
adresse/detcontact.php,,adresse,adresse,
adresse/detcontact.php,,adresse secondaire,sekundäre adresse,
adresse/detcontact.php,,adresse2,adresse2,
adresse/detcontact.php,,adulte,erwachsene,
adresse/detcontact.php,,agence de,agentur von,
adresse/detcontact.php,,aide à domicile,hilfe zu hause,
adresse/detcontact.php,,ami,freund, 
1,2,bienfeteur,wohltäter,
adresse/detcontact.php,,association,vereinigung,
adresse/detcontact.php,,assurance,versicherung,
adresse/detcontact.php,,autre,andere,
adresse/detcontact.php,,autres intérêts,andere interessen,
adresse/detcontact.php,,banque,bank,
adresse/detcontact.php,,bénéficiaire(lai),empfänger (atia),
adresse/detcontact.php,,bénévole,freiwilliger helfer,
adresse/detcontact.php,,bulletin connaitre,kennenlernen bulletin,?
adresse/detcontact.php,,bus 8-16 pl (d1),bus 8-16 pl (d1),
adresse/detcontact.php,,camps,lager,
adresse/detcontact.php,,client loto,lotto-kunde,
adresse/detcontact.php,,client pavillons,kunden-pavillons,
adresse/detcontact.php,,co-responsable,mitverantwortlich,
adresse/detcontact.php,,comité,ausschuss,
adresse/detcontact.php,,commentaire(s),kommentar(e),
adresse/detcontact.php,,complément,beilage,
adresse/detcontact.php,,contrat accompagnant,begleitender vertrag,
adresse/detcontact.php,,contrat intervenant,intervenierender vertrag,
adresse/detcontact.php,,contribution assistance,beitrag zur unterstützung,
adresse/detcontact.php,,contributions,beiträge,
adresse/detcontact.php,,coordonnées du contact,kontaktdaten,
adresse/detcontact.php,,création du contact,erstellen des kontakts,
adresse/detcontact.php,,cuisinier,koch,
adresse/detcontact.php,,date de naissance,geburtsdatum,
adresse/detcontact.php,,dernier don,letzte spende,
adresse/detcontact.php,,disponibilités,verfügbarkeiten,
adresse/detcontact.php,,donateur,spender,
adresse/detcontact.php,,e-mail,e-mail,
adresse/detcontact.php,,ecole,schule,
adresse/detcontact.php,,employé,mitarbeiterin,
adresse/detcontact.php,,etat civil,familienstand,
adresse/detcontact.php,,grp. parents,grp. eltern,
adresse/detcontact.php,,iban/cpte,iban/konto,
adresse/detcontact.php,,infos diverses sur le contact,diverse kontaktinformationen,
adresse/detcontact.php,,infos spécifiques accompagnant,spezifische begleitinformationen,
adresse/detcontact.php,,infos. médicales,medizinische informationen,
adresse/detcontact.php,,infos. sociales,soziale infos,
adresse/detcontact.php,,institution,einrichtung,
adresse/detcontact.php,,intendant (e),schatzmeister (e),
adresse/detcontact.php,,intéressé(e) aux cours / activités / services et autre,interessiert an kursen / aktivitäten / dienstleistungen und anderen,
adresse/detcontact.php,,interventions,interventionen,
adresse/detcontact.php,,journal cerebral suisse,zeitung cerebral schweiz,
adresse/detcontact.php,,madame,frau,
adresse/detcontact.php,,maison,haus,
adresse/detcontact.php,,marquage manuel,manuelle markierung,
adresse/detcontact.php,,médecin,arzt,
adresse/detcontact.php,,membre,mitglied,
adresse/detcontact.php,,membre d'honneur de l'association,ehrenmitglied der vereinigung,
adresse/detcontact.php,,modifié le,geändert am,
adresse/detcontact.php,,modifier,bearbeiten,
adresse/detcontact.php,,monthey,monthey,
adresse/detcontact.php,,nationalité,staatsangehörigkeit,
adresse/detcontact.php,,numéro avs,ahv-nummer,
adresse/detcontact.php,,parent/ tuteur,eltern/erziehungsberechtigte,
adresse/detcontact.php,,parlant (langue),sprechen (sprache),
adresse/detcontact.php,,partenaire,partner,
adresse/detcontact.php,,payant,gebühr,
adresse/detcontact.php,,permis de conduire voiture (b),führerschein auto (b),
adresse/detcontact.php,,permis de séjour,aufenthaltserlaubnis,
adresse/detcontact.php,,pour l'association,für die vereinigung,
adresse/detcontact.php,,proche de l'association (partenaires et clients),verbandsnähe (partner und kunden),
adresse/detcontact.php,,programme des activités,programm der aktivitäten,
adresse/detcontact.php,,qualité de contact,qualität des kontakts,?
adresse/detcontact.php,,qualité de contributeur,status des beitragszahlers,?
adresse/detcontact.php,,résident dans la région,in der gegend ansässig,?
adresse/detcontact.php,,resp. des soins,verantwortlicher pflege,
adresse/detcontact.php,,responsable,verantwortlich,
adresse/detcontact.php,,service de relève,unterstützungsdienst,
adresse/detcontact.php,,services,dienstleistungen,
adresse/detcontact.php,,sion,sion,
adresse/detcontact.php,,supprimer,löschen,
adresse/detcontact.php,,terrifics,gebiete,?
adresse/detcontact.php,,titre,titel,
adresse/detcontact.php,,tous les contacts,alle kontakte,
adresse/detcontact.php,,type,typ,
adresse/detcontact.php,,uat,uat,
adresse/detcontact.php,,validité,gültigkeit,
adresse/detcontact.php,,vip,vip,
adresse/detcontact.php,,week-ends,wochenenden,
adresse/exportavance.php,,export csv,csv exportieren,
adresse/exportavance.php,,export pdf,pdf exportieren,
adresse/exportavance.php,,tel 1,tel. 1,
adresse/exportavance.php,,tel 2,tel. 2,
adresse/exportavance.php,,tel 3,tel. 3,
adresse/exportavance.php,,tel 4,tel. 4,
adresse/exportdons.php,,civilité,zivilstand,?
adresse/exportdons.php,,date du versement,datum der zahlung,
adresse/exportdons.php,,somme,summe,
adresse/filtcontact.php,,(un seul choix possible),(nur eine wahl),
adresse/filtcontact.php,,client lotos,lotto-kunde,
adresse/filtcontact.php,,parent/tuteur,eltern/beistand,
adresse/filtcontact.php,,personne en situation de handicap,person mit einer behinderung,
adresse/filtcontact.php,,qualité du contact,qualität des kontakts,
adresse/filtcontact.php,,recherche avancée,erweiterte suche,
adresse/filtcontact.php,,un seul choix possible,nur eine wahl,
adresse/filtmarcontact.php,,chercher selon marquage manuel,suche nach der manuellen markierung,
adresse/filtmarcontact.php,,résultat selon marquage manuel sélectionné,ergebnis entsprechend der gewählten manuellen markierung,
adresse/modifcontact.php,,adresse 2,adresse 2,
adresse/modifcontact.php,,aides à domicile,hilfe zu hause,
adresse/modifcontact.php,,annuler,absagen,
adresse/modifcontact.php,,célibataire,ledig,
adresse/modifcontact.php,,chalet,chalet,
adresse/modifcontact.php,,concubin,konkubinatspartner,
adresse/modifcontact.php,,direct entreprise,direktes unternehmen,
adresse/modifcontact.php,,divorcé,geschieden,
adresse/modifcontact.php,,enfant,kind,
adresse/modifcontact.php,,entreprise,unternehmen,
adresse/modifcontact.php,,famille,familie,
adresse/modifcontact.php,,frau,frau,
adresse/modifcontact.php,,herrn,herr,
adresse/modifcontact.php,,madame et monsieur,herr und frau,
adresse/modifcontact.php,,maman,mutter,
adresse/modifcontact.php,,marié,verheiratet,
adresse/modifcontact.php,,modification d'un contact,einen kontakt bearbeiten,
adresse/modifcontact.php,,monsieur,herr,
adresse/modifcontact.php,,papa,vater,
adresse/modifcontact.php,,prof. maman,beruf der mutter,
adresse/modifcontact.php,,prof. papa,beruf des vaters,
adresse/modifcontact.php,,séparé,getrennt,
adresse/modifcontact.php,,services relève,unterstützungsdienst,
adresse/modifcontact.php,,société,gesellschaft,
adresse/modifcontact.php,,veuf,witwer,
adresse/modifcotisation.php,,modification d'une contributions,Änderung eines beitrags,
adresse/supcontact.php,,veuillez confirmer la suppression du contact,bitte bestätigen sie die löschung des kontaktes,
adresse/supcotisation.php,,suppression d'une saisie,löschen eines eintrags,
adresse/supcotisation.php,,veuillez confirmer la supression de la saisie du,bitte bestätigen sie die löschung der,
gestionemploye/gestion.php,,animation,animation,
gestionemploye/gestion.php,,liste des employés,liste der mitarbeiter,
gestionemploye/gestion.php,,secretariat,sekretariat,
index.php,,login,anmeldung,
index.php,,password,kennwort,
index.php,,valider,validieren sie,
intervention/disponibilite.php,,après-midi,nachmittag,
intervention/disponibilite.php,,dimanche,sonntag,
intervention/disponibilite.php,,jeudi,donnerstag,
intervention/disponibilite.php,,lundi,montag,
intervention/disponibilite.php,,mardi,dienstag,
intervention/disponibilite.php,,matin (07-12),vormittag (07-12),
intervention/disponibilite.php,,mercredi,mittwoch,
intervention/disponibilite.php,,midi (repas),mittag (mittagessen),
intervention/disponibilite.php,,profil,profil,
1,2,expériences et compétences, erfahrung und fähigkeiten,
intervention/disponibilite.php,,références,referenzen,
intervention/disponibilite.php,,région possible,mögliche region,
intervention/disponibilite.php,,région pour dépannage,bereich für die hilfeleistung,
intervention/disponibilite.php,,région prioritaire,prioritäre region,
intervention/disponibilite.php,,régions d'intervention possibles pour l'intervenant(e),mögliche region für den betreuer,
intervention/disponibilite.php,,samedi,samstag,
intervention/disponibilite.php,,soir (repas),abend (essen),
intervention/disponibilite.php,,soirée,abend,
intervention/disponibilite.php,,vendredi,freitag,
intervention/impgroupe.php,,au,unter,?
intervention/impgroupe.php,,impression groupée des interventions pour,geordnete eindrücke der unterstützung für,?
intervention/impgroupe.php,,période du,zeitraum von,
intervention/impgroupe.php,,retour,zurück,
intervention/intervention.php,,début,start,
intervention/intervention.php,,facturé,in rechnung gestellt,
intervention/intervention.php,,fin,ende,
intervention/intervention.php,,impression groupée,geordnete eindrücke,?
intervention/intervention.php,,interventions effectuées,durchgeführte interventionen,
intervention/intervention.php,,interventions ouvertes pour,offene interventionen für,
intervention/intervention.php,,liste des interventions effectuées,liste der durchgeführten interventionen,
intervention/intervention.php,,subv.,subv.,
intervention/intervention.php,,type d'aide,art der hilfe,
intervention/intervention.php,,type de service,art der dienstleistung,
intervention/intervention.php,,type de services,art der dienstleistungen,
intervention/modifierdispo.php,,ardon,ardon,
intervention/modifierdispo.php,,bagnes,bagnes,
intervention/modifierdispo.php,,bas-valais,unterwallis,
intervention/modifierdispo.php,,brigue,brig,
intervention/modifierdispo.php,,charrat,charrat,
intervention/modifierdispo.php,,choëx,choëx,
intervention/modifierdispo.php,,haut-valais,oberwallis,
intervention/modifierdispo.php,,matin (07- 12),vormittag (07- 12),
intervention/modifierdispo.php,,régions d'intervention possibles pour l'intervenant,mögliche region für den betreuer,
intervention/modifierdispo.php,,saint-maurice,saint-maurice,
intervention/modifierdispo.php,,savièse,savièse,
intervention/modifierdispo.php,,saxon,saxon,
intervention/modifierdispo.php,,tous le valais,gesamtes wallis,
intervention/modifierdispo.php,,valais-central,mitelwallis,
intervention/modifintervention.php,,contribution d'assistance,beitrag zur unterstützung,
intervention/modifintervention.php,,loisirs,freizeit,
intervention/modifintervention.php,,surcharge,Überlastung,
intervention/modifintervention.php,,urgence,notfall,
liberty/ajax.location.php,,pas de pdf,kein pdf,
liberty/detlocation.php,,client,kunde,
liberty/detlocation.php,,contrat,vertrag,
liberty/detlocation.php,,date du séjour,datum des aufenthalts,
liberty/detlocation.php,,détail de la location pour le pavillon,mietdetails für den pavillon,
liberty/detlocation.php,,dont en situation de handicap,davon behindert,
liberty/detlocation.php,,fix,fix,?
liberty/detlocation.php,,heure d'arrivée,ankunftszeit,
liberty/detlocation.php,,heure de départ,abfahrtszeit,
liberty/detlocation.php,,modifier la réservation,Ändern sie die reservierung,
liberty/detlocation.php,,nom et prénom,vorname und nachname,
liberty/detlocation.php,,nombre de personnes,zahl der personen,
liberty/detlocation.php,,personne reponsable administratif,für die verwaltung verantwortliche person,
liberty/detlocation.php,,planification des locations,planung der vermietung,
liberty/detlocation.php,,remarques,anmerkungen,
liberty/detlocation.php,,responsable du groupe,leiter der gruppe,
liberty/detlocation.php,,statuts,statuten,
liberty/detlocation.php,,téléphone,telefon,
liberty/liberty.php,,nom de l'objet,objekt-name,
liberty/liberty.php,,options (pour contrats),optionen (für verträge),
liberty/liberty.php,,planning,planung,
liberty/location.php,,anciens contrats,frühere verträge,
liberty/location.php,,arrivée,anreise,
liberty/location.php,,en cours,laufend,
liberty/location.php,,locations,vermietungen,
liberty/location.php,,nbre de pers.,anzahl der personen,
liberty/location.php,,objet,thema,
liberty/location.php,,planification,planung,
liberty/location.php,,recherche par client,suche nach kunde,
liberty/modiflocation.php,,dates du séjour,aufenthaltsdaten,
liberty/modiflocation.php,,logement,wohnen,
liberty/modiflocation.php,,modification,Änderung,
liberty/modiflocation.php,,responsable administratif,veranwortung verwaltung,?
liberty/planning.php,,août,august,
liberty/planning.php,,fixe,festgelegt,
liberty/planning.php,,juillet,juli,
liberty/planning.php,,liste des locations,liste der vermietungen,
liberty/planning.php,,non disponible,nicht verfügbar,
liberty/planning.php,,nouvelle location,neuer standort,
liberty/planning.php,,novembre,november,
liberty/planning.php,,objets en location,zu vermietende gegenstände,
liberty/planning.php,,octobre,oktober,
liberty/planning.php,,plan d'occupation,belegungsplan,
liberty/planning.php,,provisoire,vorläufige,
liberty/planning.php,,semaine,woche,
liberty/planning.php,,septembre,september,
liberty/printlocation.php,,à,à,?
liberty/printlocation.php,,arrivée à,ankunft in,
liberty/printlocation.php,,bases légale,rechtliche grundlagen,
liberty/printlocation.php,,changement de draps,wechsel der blätter,
liberty/printlocation.php,,charges supplémentaires,zusätzliche kosten,
liberty/printlocation.php,,conditions,bedingungen,
liberty/printlocation.php,,conditions générales,allgemeine geschäftsbedingungen,
liberty/printlocation.php,,contrat de location,mietvertrag,
liberty/printlocation.php,,coordonnées du responsable administratif,kontaktdaten des verantwortlichen der verwaltung,?
liberty/printlocation.php,,définition de l'objet,objekt-definition,
liberty/printlocation.php,,départ à,abfahrt um,
liberty/printlocation.php,,dont,einschliesslich,
liberty/printlocation.php,,du responsable du groupe,des gruppenleiters,
liberty/printlocation.php,,e-mail :,e-mail:,
liberty/printlocation.php,,entre la fondation liberty (bailleur) d'une part,zwischen der vereinigung  liberty  (vermieterin) einerseits,
liberty/printlocation.php,,lave-linge avec produit,mittel wäschewaschen,
liberty/printlocation.php,,logement de vacances adapté - vétroz valais,angepasste ferienunterkünfte - vétroz valais,
liberty/printlocation.php,,loué,gemietet,
liberty/printlocation.php,,modalités de paiement,zahlungsbedingungen,
liberty/printlocation.php,,nom et prénom :,vorname und familienname :,
liberty/printlocation.php,,options,optionen,
liberty/printlocation.php,,paiement du solde,zahlung des restbetrags,
liberty/printlocation.php,,personnes,menschen,
liberty/printlocation.php,,personnes en situation de handicap,behinderte personen,
liberty/printlocation.php,,pour le bailleur,für den vermieter,
liberty/printlocation.php,,pour le locataire,für den mieter,
liberty/printlocation.php,,raiffeisen de sion,raiffeisen von sion,
liberty/printlocation.php,,sèche-linge,trockner,
liberty/printlocation.php,,tarifs facturés,verlangte tarife,
liberty/printlocation.php,,téléphone :,telefon:,
liberty/printlocation.php,,tva non comprise,mehrwertsteuer nicht inbegriffen,
liberty/printlocation.php,,www.cerebral-valais.ch/locations,www.cerebral-valais.ch/locations,
medical/medical.php,,alimentation,lebensmittel,
medical/medical.php,,aliments préférés,bevorzugte lebensmittel,
medical/medical.php,,allergies,allergien,
medical/medical.php,,assurance accident,unfallversicherung,
medical/medical.php,,besoin,brauchen,
medical/medical.php,,boissons,getränke,
medical/medical.php,,boissons préférées,lieblingsgetränke,
medical/medical.php,,caisse maladie,krankenversicherung,
medical/medical.php,,canton de résidence,wohnkanton,
medical/medical.php,,dans quelles conditions,unter welchen bedingungen,
medical/medical.php,,déconseillé,nicht empfohlen,
medical/medical.php,,déconseillées,nicht empfohlen,
medical/medical.php,,degré impotence,grad der hilflosigkeit,
medical/medical.php,,dont plurihandicap,davon mehrfachbehinderung,
medical/medical.php,,dossages,dosierung,
medical/medical.php,,edition de la médication,richten der medikamente,?
medical/medical.php,,edition des infos médicales,bearbeiten von medizinischen informationen,
medical/medical.php,,escarres,dekubitus,
medical/medical.php,,fabriquant,hersteller,
medical/medical.php,,fiche infos participant.,teilnehmerinfosatz.,?
medical/medical.php,,handicaps associés,zusätzliche behinderungen,
medical/medical.php,,indication sur la toilette,untertsützung beim wc-gang,?
medical/medical.php,,infos médicales pour,medizinische informationen für,
medical/medical.php,,infos sociales,soziale infos,
medical/medical.php,,interdit,verboten,
medical/medical.php,,interdites,verboten,
medical/medical.php,,matin,vormittag,
medical/medical.php,,médecin 1,arzt 1,
medical/medical.php,,médecin 2,arzt 2,
medical/medical.php,,médecin 3,arzt 3,
medical/medical.php,,médication,medikamente,
medical/medical.php,,midi,mittag,
medical/medical.php,,nom du médicament,name des medikaments,
medical/medical.php,,nouveau en,neu in,
medical/medical.php,,nuit,nacht,
medical/medical.php,,n° d'assuré,versicherungsnummer,
medical/medical.php,,ofas (lai),bsv (lai),
medical/medical.php,,reconnu au titre de,qualifiziert als,
medical/medical.php,,régime,plan,
medical/medical.php,,remarque,hinweis,
medical/medical.php,,soins,pflege,
medical/medical.php,,soir,abend,
medical/medical.php,,statut,stand,
medical/medical.php,,types de handicap,arten von behinderung,
medical/medical.php,,wc,wc,
1,2,incontinence,inkontinenz,
medical/medication.php,,dosage,dosierung,
meical/medication.php,,médication(s),medikament(e),
medical/medication.php,,retour aux infos médicales,zurück zu medizinischen informationen,
medical/modif.php,,a. autonomie moyenne,a. durchschnittliche autonomie,?
medical/modif.php,,b. besoin d'aide élevé,b. hoher bedarf an unterstützung,
medical/modif.php,,boisson préférés,lieblingsgetränk,
medical/modif.php,,c. besoin d'aide très élevé,c. sehr hoher bedarf an unterstützung,
medical/modif.php,,caissse maladie,krankenkasse,
medical/modif.php,,dans quelles condition,unter welchen bedingungen,
medical/modif.php,,déconseillée,nicht empfohlen,
medical/modif.php,,en situation de handicape,in einer situation der behinderung,
medical/modif.php,,faible,leicht,
medical/modif.php,,grave,schwer,
medical/modif.php,,handicapés de l'ouïe,hörbehindert,
medical/modif.php,,handicapés de la vue,sehbehindert,
medical/modif.php,,handicapés de mentaux ou ayant des difficultés d'apprentissage,geistig behindert oder lernbehindert,
medical/modif.php,,handicapés du langage,sprachliche beeinträchtigungen,
medical/modif.php,,handicapés par suir de dépendance,durch sucht behindert,
medical/modif.php,,handicapés par suite de maladie,durch krankheit behindert,
medical/modif.php,,handicapés physiques,körperliche behinderungen,
medical/modif.php,,handicapés psychiques,psychische behinderungen,
medical/modif.php,,indications sur la toilette,unterstützung beim wc-gang,
medical/modif.php,,l'art. 101 bis lavs,art. 101 bis lavs,
medical/modif.php,,l'art. 74 lai,s. 74 atia,
medical/modif.php,,modifier les info médicales pour,medizinische informationen bearbeiten zu,
medical/modif.php,,moyen,mittel,?
medical/modif.php,,non reconnu,nicht anerkannt,
medical/modif.php,,proches,angehörige,?
medical/modif.php,,types de handicape,arten von behinderung,
ofas/ajax.decompteconsupp.php,,dont plurihandicapés,davon mit mehrfachbehinderungen,
ofas/ajax.decompteconsupp.php,,nombre d'heures,anzahl der stunden,
ofas/ajax.decompteconsupp.php,,nouveau client,neuer kunde,
ofas/ajax.decompteconsupp.php,,reconnu au sense de l'article,anerkannt im sinne des artikels,
ofas/ajax.decompteconsupp.php,,repris de l'année précédente,Übertragen aus dem vorjahr,
ofas/ajax.decompteconsupp.php,,total de personne non reconnu,gesamtzahl der nicht anerkannten personen,
ofas/ajax.decompteconsupp.php,,total par région,gesamt nach region,
ofas/ajax.decompteconsupp.php,,type de handicape,art der behinderung,
ofas/conseilsupport.php,,catégorie,kategorie,
ofas/lufebprogamme.php,,centre d'information et de documentation,informations- und dokumentationszentrum,
ofas/lufebprogamme.php,,développement,entwicklung,
1,2,élaboration et diffusion matériel d'information pour les personnes en situation de handicap,ausarbeitung und verbreitung von informationsmaterial für menschen mit behinderungen,
ofas/lufebprogamme.php,,heures imputées,zugewiesene stunden,
ofas/lufebprogamme.php,,médias et publications de l'organisation accessibles au public,Öffentlich zugängliche medien und publikationen der organisation,
ofas/lufebprogamme.php,,prestation de base pour l'encouragement de l'entraide,grundleistung zur förderung der gegenseitigen hilfe,?
ofas/lufebprogamme.php,,tâches générales d'information et de relations publiques,aufgaben der allgemeinen information und Öffentlichkeitsarbeit,?
ofas/lufebprogamme.php,,travail de fond ou projets spécifiques,hintergrundarbeit oder spezifische projekte,?
ofas/ofas.php,,catégories de cours,kurs-kategorien,
ofas/ofas.php,,conseil et support,beratung und unterstützung,
ofas/ofas.php,,programme de travail réalisé,ausgeführtes arbeitsprogramm,
ofas/ofas.php,,sélectioner la période du décompte ofas,auswahl der abrechnungsperiode des bsv,
ofas/ofas.php,,statistiques clients,kundenstatistik,
ofas/ofas.php,,types de cours,arten von kursen,
ofas/ofas.php,,vie accompagnée,begleitetes leben,
releve/ajax.contact.php,,intervention,intervention,
releve/ajax.inter.php,,coordonnées,kontaktdaten,
releve/ajax.inter.php,,l'intervenant habituel n'a pas encore été défini,der regelmässige betreuer ist noch nicht bestimmt worden.,
releve/ajax.inter.php,,possible,möglicherweise,
releve/ajax.inter.php,,pour dépannage,zur fehlerbehebung,
releve/ajax.inter.php,,prioritaire,priorität,
releve/ajax.inter.php,,région,region,
releve/ajax.inter.php,,tel. mobile,mobiltelefon,
releve/ajax.inter.php,,tel. privé,privat-tel.,
releve/ajax.inter.php,,tel. professionnel,tel. arbeit,
releve/beneficiaire.php,,chercher,suche,
releve/interouverte.php,,bénéficiaires,begünstigte,
releve/interouverte.php,,intervenants,unterstützungspersonen,
releve/interouverte.php,,listes des interventions ouvertes,listen der offenen interventionen,
releve/listeintervention.php,,filtre pour le décompte pour,countdown-filter für,
releve/print.php,,date:,datum:,
releve/print.php,,début:,am anfang:,
releve/print.php,,fiche d'intervention,interventionsformular,
releve/print.php,,fin,das ende,
releve/print.php,,temps effectif,effektive zeit,
releve/print.php,,type de besoin,art des bedarfs,
releve/print.php,,type de service,art der dienstleistung,
releve/print2.php,,attention,achtung,
1,2,pour les fiches retournées après le 20,für karten die nach dem 20,
releve/print2.php,,au plus tard pour le 20 du mois au secrétariat,bis spätestens zum 20. des monats an das sekretariat,
releve/print2.php,,cette fiche est à retourner dûment signée,dieses formular ist ordnungsgemäß unterzeichnet zurückzusenden,
releve/print2.php,,de l'association.,der vereinigung.,
releve/print2.php,,fiche d'intervention(s),interventionsblatt(e),
releve/print2.php,,le salaire sera payé le mois suivant.,das gehalt wird im folgemonat ausgezahlt.,
releve/print2.php,,lieu,standort,
releve/print2.php,,service de relève à domicile,unterstützungsdienst zu hause,
releve/printdecompte.php,,interventions non subventionnées,nicht subventionierte interventionen,
releve/printdecompte.php,,interventions subventionnées,subventionierte interventionen,
releve/printdecompte.php,,liste des interventions par bénéficiaire,liste der interventionen nach begünstigten,
releve/printdecompte.php,,total des heures non subventionées,nicht subventionierte stunden insgesamt,
releve/printdecompte.php,,total des heures subventionnées,subventionierte stunden insgesamt,
releve/printdecompte.php,,type de besoin,art des bedarfs,
releve/printplanif.php,,edité le,veröffentlicht am,
releve/printplanif.php,,liste des interventions planifiées,liste der geplanten aufgaben,
releve/printplanif.php,,téléphone(s),telefon(e),
releve/releve.php,,dépannage,fehlerbehebung,
releve/releve.php,,habituel,gewöhnlich,
releve/releve.php,,intervenant(s) pour,betreuer für,
releve/releve.php,,interventions effectuées pour le bénéficiaire,a,
releve/releve.php,,interventions ouvertes pour le bénéficiaire,für den begünstigten offene interventionen,
releve/releve.php,,interventions planifiées,geplante interventionen,
releve/releve.php,,occasionnel,gelegentlich,
releve/releve.php,,recherche,suche,
releve/relevea.php,,interventions ouvertes,offene interventionen,
releve/relevea.php,,nouvelle intervention,neue intervention,
releve/relevea.php,,statistiques,statistik,
releve/relevemodif.php,,habitude,gewohnheit,
releve/relevemodif.php,,intervention pour le bénéficiaire,intervention für den begünstigten,
releve/relevemodif.php,,reserve,reservieren,
releve/statistique.php,,période du:,zeitraum von:,
releve/statistique.php,,statistiques des prestations,leistungsstatistik,
social/modifsocial.php,,info sociale pour,soziale infos für,
social/modifsocial.php,,ajouter une photo,ein foto hinzufügen,
social/modifsocial.php,,ataches,anhänge,?
social/modifsocial.php,,avec conseil,beratend,
social/modifsocial.php,,avec moyen auxillaires,mit hilfsmitteln,
social/modifsocial.php,,consigne remarques pour le sommeil,ritual beim einschlafen,
social/modifsocial.php,,dans l'institutuion,in der institution,
social/modifsocial.php,,est d'accord d'être publié,stimmt der veröffentlichung zu,
social/modifsocial.php,,fraterie,geschwister,
social/modifsocial.php,,gère seule,verwaltet allein,
social/modifsocial.php,,info pratiques,praktische informationen,
social/modifsocial.php,,marche seule,alleine gehen,
social/modifsocial.php,,modifier la photo,foto bearbeiten,
social/modifsocial.php,,peu appréciés,weniger beliebt, 
1,2,phobies,mag nicht fürchtet sich vor,
social/modifsocial.php,,tissus social,soziales umfeld,
social/print.php,,activités peu appréciées,unbeliebte aktivitäten,
social/print.php,,aide physique,physische unterstützung,
social/print.php,,association cerebral valais,vereinigung cerebral wallis,
social/print.php,,avec de l'aide,mit hilfe,
social/print.php,,avec gilet flottant,mit schwimmweste,
social/print.php,,consignes et remarques pour le sommeil,schlafanweisungen und notizen,
social/print.php,,contacts médicaux,medizinische kontakte,
social/print.php,,contacts proches,enge kontakte,
social/print.php,,dans quelle conditions,unter welchen bedingungen,
social/print.php,,degré d'impotence,grad der hilflosigkeit,
social/print.php,,dernière mise à jour,letzte aktualisierung,
social/print.php,,en cas d'urgence,im notfall,
1,2,prévenir en priorité,im notfall zu benachrichtigen,
social/print.php,,est d'accord d'être publié(e),stimmt der veröffentlichung zu,
social/print.php,,et de,und an,
social/print.php,,fauteil roulant manuel,manueller rollstuhl,
social/print.php,,fiche information participant,informationsblatt für teilnehmer,
social/print.php,,fréquence des changements de position,häufigkeit von positionsänderungen,
social/print.php,,habillement,kleidung,
1,2,autonomie et style,autonomie und stil,
social/print.php,,illustration position jour,abbildung tagesposition,
social/print.php,,illustration position nuit,abbildung nachtposition,
social/print.php,,médecin généraliste,allgemeinmediziner,
social/print.php,,médecin,arzt, 
1,2,spécialiste,facharzt,
social/print.php,,moyens auxiliaires,hilfsmittel,
social/print.php,,né(e) le,geboren am,
social/print.php,,n° d'assuré caisse maladie,krankenversicherungsnummer,
social/print.php,,passion loisirs,freizeit,
social/print.php,,pour les longs déplacements, für lange reisen, anmerkungen zur mobilität,
social/print.php,,remarque concernant la piscine,anmerkung zum schwimmen,
social/print.php,,tél.,tel.,
social/print.php,,type de handicap,art der behinderung,
social/print.php,,www.cerebral-valais.ch,www.cerebral-valais.ch,
social/social.php,,activitées peu appréciées, phobies,weniger beliebt, mag nicht, fürchtet sich vor,
social/social.php,,amis,freunde,
social/social.php,,argent de poche,taschengeld,
social/social.php,,attaches,anhänge,
social/social.php,,avec aide,mit unterstützung,
social/social.php,,avec aide physique,mit physischer unterstützung,
social/social.php,,avec conseils,mit ratschägen,
social/social.php,,avec moyens auxiliaires,mit hilfsmitteln,
social/social.php,,barrière,barriere,
social/social.php,,changement de position,Änderung der position,
social/social.php,,communication, kommunikation,
1,2,expression,ausdruck,
social/social.php,,confort jour,komfort bei tag,
social/social.php,,confort nuit,komfort bei nacht,
social/social.php,,consignes,schlafanweisungen,
1,2,remarques pour le sommeil,schlafnotizen,
social/social.php,,contact,kontakt,
social/social.php,,contexte familial,familiärer kontext,
social/social.php,,dans l'institution,in der einrichtung,
social/social.php,,drap spécial,sonderblatt,
social/social.php,,edition des infos sociales,redaktion von sozialen nachrichten,
social/social.php,,electrique,elektrisch,
social/social.php,,en cas d'urgence,im notfall,
social/social.php,,enfant de,kind von,
social/social.php,,est d'accord d'être publié(e),stimmt der veröffentlichung zu,
social/social.php,,et de ( si séparé),und (falls getrennt),
social/social.php,,fiche infos participant,infoblatt für teilnehmer,
social/social.php,,fratrie,geschwister,
social/social.php,,fréquence,häufigkeit,
social/social.php,,gère seul(e),verwaltet allein,
social/social.php,,gilet,weste,
social/social.php,,gilet flottant,schwimmweste,
social/social.php,,habillement,bekleidung,
social/social.php,,illustration positions,positionen der illustration,?
social/social.php,,illustration possible,mögliche illustration,?
social/social.php,,infos médicales,medizinische daten,
social/social.php,,infos pratiques,praktische informationen,
social/social.php,,infos sociales pour,soziale infos für,
social/social.php,,manuel,handbuch,
social/social.php,,marche seul(e),läuft allein,
social/social.php,,mobilité,mobilität,
social/social.php,,ne gère pas,schafft nicht,
social/social.php,,passion,passion,
1,2,loisirs,hobbies,
social/social.php,,piscine,schwimmbad,
social/social.php,,pour la nuit,für die nacht,
social/social.php,,référent dans l'institution,kontaktperson in der institution,
social/social.php,,sous tutelle de,unter der vormundschaft von,
social/social.php,,tissu social,soziales umfeld,
travail/ajax.historique.php,,durée,dauer,
travail/ajax.historique.php,,durée de la journée,dauer des tages,
travail/ajax.historique.php,,effectif,effektive zeit,?
travail/ajax.historique.php,,journée,tag,
travail/ajax.historique.php,,résumé de la journée,zusammenfassung des tages,
travail/ajax.historique.php,,séquence(s),sequenz(en),
travail/ajouttravail.php,,- >,- >,
travail/ajouttravail.php,,accident,unfall,
travail/ajouttravail.php,,accueil accueil groupes ou renseignements,willkommen oder informationen der home-gruppe,
travail/ajouttravail.php,,ag assemblée générale,ga-generalversammlung,
travail/ajouttravail.php,,apg,apg,
travail/ajouttravail.php,,art. 74 (ofas),art. 74 (bsv),
travail/ajouttravail.php,,bénéficiaire (conseils),begünstigter (beratung),
travail/ajouttravail.php,,bureau travaux de bureau,bÜro büroarbeit,
travail/ajouttravail.php,,bus gestion des bus,bus-bus-verwaltung,
travail/ajouttravail.php,,chÔmage,arbeitslosigkeit,
travail/ajouttravail.php,,chômé,arbeitslos,
travail/ajouttravail.php,,colloque colloques et réunions,colloquium kolloquien und tagungen,
travail/ajouttravail.php,,comite comité,committee-ausschuss,
travail/ajouttravail.php,,commentaires, kommentare,
1,2,précisions,klarstellungen,
travail/ajouttravail.php,,compta,berechnung,
1,2, suivi comptable,buchhaltungs-follow-up,
travail/ajouttravail.php,,congé,verlassen sie,
travail/ajouttravail.php,,connaitre journal connaître,zeitschrift knowledge,
travail/ajouttravail.php,,contasis contribution assistance,contasis hilfe bei der beitragszahlung,
travail/ajouttravail.php,,cotisat cotisations,beitrÄge beiträge,
travail/ajouttravail.php,,coûts indirects,indirekte kosten,
travail/ajouttravail.php,,déménagement,umzug,
travail/ajouttravail.php,,deuil,trauer,
travail/ajouttravail.php,,docum centre documentation,dokument dokumentationszentrum,
travail/ajouttravail.php,,ecole ecole,schule schule,
travail/ajouttravail.php,,faitiere activité pour la faitière,fertig aktivität für die firstaktivität,
travail/ajouttravail.php,,férié,urlaub,
travail/ajouttravail.php,,fondcereb fondation cerebral,stiftung fondcereb cerebral,
travail/ajouttravail.php,,fonddam fondation denk an mich,stiftung fonddam denk an mich,
travail/ajouttravail.php,,forhandi forum handicap,forhandi behinderten-forum,
travail/ajouttravail.php,,formation cours,ausbildungskurse,
travail/ajouttravail.php,,grppare groupe parents,grppare-elterngruppe,
travail/ajouttravail.php,,honorifique,ehrenamtlich,
travail/ajouttravail.php,,hors 74,ausgenommen 74,
travail/ajouttravail.php,,infodema informations aux divers demandeurs,infodema informationen für verschiedene antragsteller,
travail/ajouttravail.php,,intendance cerebral nettoyage, bestimmung kerebral reinigungs,
1,2,entretien et conciergerie,wartungs und hausmeisterdienste,
travail/ajouttravail.php,,intendance groupes nettoyage,betriebsgruppen reinigungs,
1,2,entretien et conciergerie,wartungs und hausmeisterdienste,
travail/ajouttravail.php,,jourfam,jourfam,
1,2,journée des familles,jourfam familientag,
travail/ajouttravail.php,,loto lotos,loto-lotos,
travail/ajouttravail.php,,lotro loterie romande,lotro loterie romande,
travail/ajouttravail.php,,maladie,krankheit,
travail/ajouttravail.php,,manifestation,manifer,
1,2,évènements,veranstaltung,
travail/ajouttravail.php,,mariage,hochzeit,
travail/ajouttravail.php,,maternité,mutterschaft,
travail/ajouttravail.php,,mda suivi mda,mda follow-up mda,
travail/ajouttravail.php,,naissance,geburt,
travail/ajouttravail.php,,nb. d'heures (en décimal),anzahl der stunden (in dezimalzahlen),
1,2,bureaux,buros,
travail/ajouttravail.php,,pavibure suivi contruction pavillon,pavibure weiterverfolgung des baus des pavillons und der büros,
travail/ajouttravail.php,,pavillons gestion des pavillons,pavilions verwaltung der pavillons,
travail/ajouttravail.php,,permtel permanace et entreriens téléphoniques,permtel permanenz und telefoneingänge,
travail/ajouttravail.php,,procap mandat pour procap,procap-mandat für procap,
travail/ajouttravail.php,,program elaboration et éditio pgm,programm ausarbeitung und editio pgm,
travail/ajouttravail.php,,recforac recrutement-formation accompagnants,rekrutierung recforac - ausbildung für begleitpersonen,
travail/ajouttravail.php,,relasso relations avec autres association,relasso beziehungen zu anderen verbänden,
travail/ajouttravail.php,,relinst relations avec institutions,relinst beziehungen zu institutionen,
travail/ajouttravail.php,,saisie des heures,zeiterfassung,
travail/ajouttravail.php,,servrele service relève - familles non subventionnée,servrele hilfsdienst - nicht subventionierte familien,
travail/ajouttravail.php,,siteweb site web,siteweb website,
travail/ajouttravail.php,,soutpar soutiens parents,unterstÜtzung von elternunterstÜtzern,?
travail/ajouttravail.php,,suiviemp formation employés,follow-up mitarbeiterschulung,
1,2,repas,mahlzeiten,
travail/ajouttravail.php,,traiteur cerebral gestion traiteur,traiteur cerebral verpflegungsmanagement,
travail/ajouttravail.php,,traiteur groupes gestion traiteur,gruppenverkÄufer verpflegungsmanagement,
travail/ajouttravail.php,,vacances,feiertage,
travail/ajouttravail.php,,vsas etat vs - action sociale,staat vs - dienststelle für sozialwesen,
travail/ajouttravail.php,,vsdes etat vs - dpt enseignement spécialisé,staat vs - amt für sonderschulwesen,
travail/ajouttravail.php,,vssj etat vs - service de la jeunesse,staat vs - dienststelle für die jugend,
travail/ajouttravail.php,,vssrd etat vs - services relève familles subventionnées,vssrd-staat vs - dienstellen für subventionierte familien,?
travail/ajouttravail.php,,vsuat etat vs - unité accueil temporaire,vsuat-staat vs - temporäre aufnahmeeinheit,?
travail/ajouttravail.php,,weekends week-ends,wochenenden,
travail/dectravail.php,,période du décompte,abrechnungsperiode,
travail/periode.php,,date de fin (y.c),enddatum (y.c),
travail/periode.php,,historique des périodes d'absences,historie der abwesenheitszeiten,?
travail/periode.php,,nb. de jour(s),anzahl tag(e),
travail/periode.php,,remarque(s),anmerkung(en),
travail/periode.php,,saisie des absences (1 ou plusieurs jours),eingabe von abwesenheiten (1 oder mehr tage),
travail/travail.php,,décompte employé(e),anzahl der mitarbeiter,
travail/travail.php,,gestion des employés,mitarbeiter-management,
travail/travail.php,,modifier,bearbeiten,
travail/travail.php,,saisie des absences (par jour(s)),erfassung von abwesenheiten (pro tag(e)),
travail/travail.php,,saisie séquences horaires,eingabe der zeitfolge,
travail/travail.php,,date début,startdatum,
travail/travail.php,,date fin,enddatum,
travail/travail.php,,détails,einzelheiten,
travail/travail.php,,dossier,datei,
travail/travail.php,,heure début,startzeit,
travail/travail.php,,heure fin,endzeit,
travail/travail.php,,liste des saisies,,